,NOC,Year,Medal,Number of Medals
0,AHO,1988,Silver,1
1,ALG,1992,Gold,1
2,ALG,1996,Bronze,1
3,ALG,1996,Gold,2
4,ALG,2000,Bronze,3
5,ALG,2000,Gold,1
6,ALG,2000,Silver,1
7,ALG,2008,Bronze,1
8,ALG,2008,Silver,1
9,ALG,2012,Gold,1
10,ALG,2016,Silver,2
11,ANZ,1908,Bronze,2
12,ANZ,1908,Gold,1
13,ANZ,1908,Silver,2
14,ANZ,1912,Bronze,3
15,ANZ,1912,Gold,2
16,ANZ,1912,Silver,2
17,ARG,1924,Bronze,2
18,ARG,1924,Gold,1
19,ARG,1924,Silver,3
20,ARG,1928,Bronze,1
21,ARG,1928,Gold,3
22,ARG,1928,Silver,3
23,ARG,1932,Gold,3
24,ARG,1932,Silver,1
25,ARG,1936,Bronze,3
26,ARG,1936,Gold,2
27,ARG,1936,Silver,2
28,ARG,1948,Bronze,1
29,ARG,1948,Gold,3
30,ARG,1948,Silver,3
31,ARG,1952,Bronze,2
32,ARG,1952,Gold,1
33,ARG,1952,Silver,2
34,ARG,1956,Silver,1
35,ARG,1960,Bronze,1
36,ARG,1960,Silver,1
37,ARG,1964,Silver,1
38,ARG,1968,Bronze,2
39,ARG,1972,Silver,1
40,ARG,1988,Bronze,1
41,ARG,1988,Silver,1
42,ARG,1992,Bronze,1
43,ARG,1996,Bronze,1
44,ARG,1996,Silver,2
45,ARG,2000,Bronze,2
46,ARG,2000,Silver,2
47,ARG,2004,Bronze,4
48,ARG,2004,Gold,2
49,ARG,2008,Bronze,4
50,ARG,2008,Gold,2
51,ARG,2012,Bronze,2
52,ARG,2012,Gold,1
53,ARG,2012,Silver,1
54,ARG,2016,Gold,3
55,ARG,2016,Silver,1
56,ARM,1996,Gold,1
57,ARM,1996,Silver,1
58,ARM,2000,Bronze,1
59,ARM,2008,Bronze,5
60,ARM,2012,Bronze,2
61,ARM,2012,Silver,1
62,ARM,2016,Gold,1
63,ARM,2016,Silver,3
64,AUS,1896,Bronze,1
65,AUS,1896,Gold,2
66,AUS,1900,Bronze,3
67,AUS,1900,Gold,2
68,AUS,1904,Bronze,1
69,AUS,1904,Silver,3
70,AUS,1906,Bronze,3
71,AUS,1920,Bronze,1
72,AUS,1920,Silver,2
73,AUS,1924,Bronze,2
74,AUS,1924,Gold,3
75,AUS,1924,Silver,1
76,AUS,1928,Bronze,1
77,AUS,1928,Gold,1
78,AUS,1928,Silver,2
79,AUS,1932,Bronze,1
80,AUS,1932,Gold,3
81,AUS,1932,Silver,1
82,AUS,1936,Bronze,1
83,AUS,1948,Bronze,5
84,AUS,1948,Gold,2
85,AUS,1948,Silver,6
86,AUS,1952,Bronze,3
87,AUS,1952,Gold,6
88,AUS,1952,Silver,2
89,AUS,1956,Bronze,13
90,AUS,1956,Gold,13
91,AUS,1956,Silver,8
92,AUS,1960,Bronze,5
93,AUS,1960,Gold,8
94,AUS,1960,Silver,8
95,AUS,1964,Bronze,10
96,AUS,1964,Gold,6
97,AUS,1964,Silver,2
98,AUS,1968,Bronze,5
99,AUS,1968,Gold,5
100,AUS,1968,Silver,7
101,AUS,1972,Bronze,2
102,AUS,1972,Gold,7
103,AUS,1972,Silver,7
104,AUS,1976,Bronze,4
105,AUS,1976,Silver,1
106,AUS,1980,Bronze,5
107,AUS,1980,Gold,2
108,AUS,1980,Silver,2
109,AUS,1984,Bronze,12
110,AUS,1984,Gold,4
111,AUS,1984,Silver,8
112,AUS,1988,Bronze,4
113,AUS,1988,Gold,3
114,AUS,1988,Silver,6
115,AUS,1992,Bronze,10
116,AUS,1992,Gold,7
117,AUS,1992,Silver,9
118,AUS,1996,Bronze,23
119,AUS,1996,Gold,9
120,AUS,1996,Silver,9
121,AUS,2000,Bronze,16
122,AUS,2000,Gold,16
123,AUS,2000,Silver,25
124,AUS,2004,Bronze,17
125,AUS,2004,Gold,17
126,AUS,2004,Silver,16
127,AUS,2008,Bronze,17
128,AUS,2008,Gold,14
129,AUS,2008,Silver,15
130,AUS,2012,Bronze,12
131,AUS,2012,Gold,7
132,AUS,2012,Silver,16
133,AUS,2016,Bronze,10
134,AUS,2016,Gold,8
135,AUS,2016,Silver,11
136,AUT,1896,Bronze,2
137,AUT,1896,Gold,2
138,AUT,1896,Silver,1
139,AUT,1900,Bronze,3
140,AUT,1900,Silver,3
141,AUT,1904,Bronze,1
142,AUT,1904,Gold,1
143,AUT,1904,Silver,1
144,AUT,1906,Bronze,3
145,AUT,1906,Gold,3
146,AUT,1906,Silver,3
147,AUT,1908,Bronze,1
148,AUT,1912,Bronze,2
149,AUT,1912,Silver,2
150,AUT,1924,Bronze,1
151,AUT,1924,Silver,3
152,AUT,1928,Bronze,1
153,AUT,1928,Gold,3
154,AUT,1932,Bronze,3
155,AUT,1932,Gold,1
156,AUT,1932,Silver,1
157,AUT,1936,Bronze,5
158,AUT,1936,Gold,5
159,AUT,1936,Silver,7
160,AUT,1948,Bronze,4
161,AUT,1948,Gold,2
162,AUT,1948,Silver,2
163,AUT,1952,Bronze,1
164,AUT,1952,Silver,1
165,AUT,1956,Bronze,2
166,AUT,1960,Gold,1
167,AUT,1960,Silver,1
168,AUT,1968,Bronze,2
169,AUT,1968,Silver,2
170,AUT,1972,Bronze,2
171,AUT,1972,Silver,1
172,AUT,1976,Bronze,1
173,AUT,1980,Bronze,1
174,AUT,1980,Gold,1
175,AUT,1980,Silver,2
176,AUT,1984,Gold,1
177,AUT,1984,Silver,1
178,AUT,1988,Gold,1
179,AUT,1992,Silver,2
180,AUT,1996,Bronze,2
181,AUT,1996,Silver,1
182,AUT,2000,Gold,2
183,AUT,2000,Silver,1
184,AUT,2004,Bronze,1
185,AUT,2004,Gold,2
186,AUT,2004,Silver,4
187,AUT,2008,Bronze,2
188,AUT,2008,Silver,1
189,AUT,2016,Bronze,1
190,AZE,1996,Silver,1
191,AZE,2000,Gold,2
192,AZE,2004,Bronze,4
193,AZE,2004,Gold,1
194,AZE,2008,Bronze,1
195,AZE,2008,Gold,1
196,AZE,2008,Silver,2
197,AZE,2012,Bronze,4
198,AZE,2012,Gold,2
199,AZE,2012,Silver,2
200,AZE,2016,Bronze,4
201,AZE,2016,Gold,1
202,AZE,2016,Silver,7
203,BAH,1956,Bronze,1
204,BAH,1964,Gold,1
205,BAH,1992,Bronze,1
206,BAH,1996,Silver,1
207,BAH,2000,Bronze,1
208,BAH,2000,Gold,2
209,BAH,2004,Bronze,1
210,BAH,2004,Gold,1
211,BAH,2008,Bronze,1
212,BAH,2008,Silver,1
213,BAH,2012,Gold,1
214,BAH,2016,Bronze,1
215,BAH,2016,Gold,1
216,BAR,2000,Bronze,1
217,BDI,1996,Gold,1
218,BDI,2016,Silver,1
219,BEL,1900,Bronze,4
220,BEL,1900,Gold,6
221,BEL,1900,Silver,7
222,BEL,1906,Bronze,3
223,BEL,1906,Gold,2
224,BEL,1906,Silver,2
225,BEL,1908,Bronze,2
226,BEL,1908,Gold,1
227,BEL,1908,Silver,5
228,BEL,1912,Bronze,3
229,BEL,1912,Gold,2
230,BEL,1912,Silver,1
231,BEL,1920,Bronze,14
232,BEL,1920,Gold,15
233,BEL,1920,Silver,11
234,BEL,1924,Bronze,3
235,BEL,1924,Gold,3
236,BEL,1924,Silver,7
237,BEL,1928,Bronze,2
238,BEL,1928,Silver,1
239,BEL,1932,Bronze,1
240,BEL,1936,Bronze,3
241,BEL,1948,Bronze,3
242,BEL,1948,Gold,2
243,BEL,1948,Silver,2
244,BEL,1952,Gold,2
245,BEL,1952,Silver,2
246,BEL,1956,Silver,2
247,BEL,1960,Bronze,2
248,BEL,1960,Silver,2
249,BEL,1964,Bronze,1
250,BEL,1964,Gold,2
251,BEL,1968,Bronze,1
252,BEL,1968,Silver,1
253,BEL,1972,Silver,2
254,BEL,1976,Bronze,3
255,BEL,1976,Silver,3
256,BEL,1980,Gold,1
257,BEL,1984,Bronze,2
258,BEL,1984,Gold,1
259,BEL,1984,Silver,1
260,BEL,1988,Bronze,1
261,BEL,1992,Bronze,1
262,BEL,1992,Silver,1
263,BEL,1996,Gold,2
264,BEL,1996,Silver,2
265,BEL,2000,Bronze,1
266,BEL,2000,Silver,2
267,BEL,2004,Bronze,2
268,BEL,2004,Gold,1
269,BEL,2008,Gold,1
270,BEL,2008,Silver,1
271,BEL,2012,Bronze,1
272,BEL,2012,Silver,1
273,BEL,2016,Bronze,1
274,BEL,2016,Gold,2
275,BEL,2016,Silver,2
276,BER,1976,Bronze,1
277,BLR,1996,Bronze,7
278,BLR,1996,Gold,1
279,BLR,1996,Silver,6
280,BLR,2000,Bronze,11
281,BLR,2000,Gold,3
282,BLR,2000,Silver,3
283,BLR,2004,Bronze,6
284,BLR,2004,Gold,2
285,BLR,2004,Silver,5
286,BLR,2008,Bronze,9
287,BLR,2008,Gold,4
288,BLR,2008,Silver,5
289,BLR,2012,Bronze,5
290,BLR,2012,Gold,2
291,BLR,2012,Silver,5
292,BLR,2016,Bronze,3
293,BLR,2016,Gold,1
294,BLR,2016,Silver,4
295,BOH,1900,Silver,1
296,BOH,1906,Bronze,2
297,BOH,1908,Bronze,2
298,BOT,2012,Silver,1
299,BRA,1920,Bronze,1
300,BRA,1920,Gold,1
301,BRA,1920,Silver,1
302,BRA,1948,Bronze,1
303,BRA,1952,Bronze,2
304,BRA,1952,Gold,1
305,BRA,1956,Gold,1
306,BRA,1960,Bronze,2
307,BRA,1964,Bronze,1
308,BRA,1968,Bronze,2
309,BRA,1968,Silver,1
310,BRA,1972,Bronze,1
311,BRA,1976,Bronze,2
312,BRA,1980,Bronze,2
313,BRA,1980,Gold,2
314,BRA,1984,Bronze,1
315,BRA,1984,Gold,1
316,BRA,1984,Silver,5
317,BRA,1988,Bronze,3
318,BRA,1988,Gold,1
319,BRA,1988,Silver,2
320,BRA,1992,Gold,2
321,BRA,1992,Silver,1
322,BRA,1996,Bronze,9
323,BRA,1996,Gold,3
324,BRA,1996,Silver,3
325,BRA,2000,Bronze,6
326,BRA,2000,Silver,6
327,BRA,2004,Bronze,3
328,BRA,2004,Gold,5
329,BRA,2004,Silver,2
330,BRA,2008,Bronze,8
331,BRA,2008,Gold,3
332,BRA,2008,Silver,4
333,BRA,2012,Bronze,9
334,BRA,2012,Gold,3
335,BRA,2012,Silver,5
336,BRA,2016,Bronze,5
337,BRA,2016,Gold,7
338,BRA,2016,Silver,6
339,BRN,2012,Bronze,1
340,BRN,2016,Gold,1
341,BRN,2016,Silver,1
342,BUL,1952,Bronze,1
343,BUL,1956,Bronze,1
344,BUL,1956,Gold,1
345,BUL,1956,Silver,3
346,BUL,1960,Bronze,3
347,BUL,1960,Gold,1
348,BUL,1960,Silver,3
349,BUL,1964,Bronze,2
350,BUL,1964,Gold,3
351,BUL,1964,Silver,5
352,BUL,1968,Bronze,2
353,BUL,1968,Gold,2
354,BUL,1968,Silver,4
355,BUL,1972,Bronze,5
356,BUL,1972,Gold,6
357,BUL,1972,Silver,10
358,BUL,1976,Bronze,7
359,BUL,1976,Gold,6
360,BUL,1976,Silver,9
361,BUL,1980,Bronze,16
362,BUL,1980,Gold,8
363,BUL,1980,Silver,16
364,BUL,1988,Bronze,12
365,BUL,1988,Gold,9
366,BUL,1988,Silver,12
367,BUL,1992,Bronze,5
368,BUL,1992,Gold,3
369,BUL,1992,Silver,7
370,BUL,1996,Bronze,5
371,BUL,1996,Gold,3
372,BUL,1996,Silver,7
373,BUL,2000,Bronze,2
374,BUL,2000,Gold,5
375,BUL,2000,Silver,6
376,BUL,2004,Bronze,8
377,BUL,2004,Gold,2
378,BUL,2004,Silver,1
379,BUL,2008,Gold,1
380,BUL,2008,Silver,1
381,BUL,2012,Silver,1
382,BUL,2016,Bronze,1
383,BUL,2016,Silver,1
384,CAN,1900,Bronze,1
385,CAN,1900,Gold,1
386,CAN,1904,Bronze,1
387,CAN,1904,Gold,4
388,CAN,1904,Silver,1
389,CAN,1906,Gold,1
390,CAN,1906,Silver,1
391,CAN,1908,Bronze,9
392,CAN,1908,Gold,3
393,CAN,1908,Silver,3
394,CAN,1912,Bronze,3
395,CAN,1912,Gold,3
396,CAN,1912,Silver,2
397,CAN,1920,Bronze,3
398,CAN,1920,Gold,3
399,CAN,1920,Silver,3
400,CAN,1924,Bronze,1
401,CAN,1924,Silver,3
402,CAN,1928,Bronze,7
403,CAN,1928,Gold,4
404,CAN,1928,Silver,4
405,CAN,1932,Bronze,9
406,CAN,1932,Gold,2
407,CAN,1932,Silver,5
408,CAN,1936,Bronze,5
409,CAN,1936,Gold,1
410,CAN,1936,Silver,3
411,CAN,1948,Bronze,2
412,CAN,1948,Silver,2
413,CAN,1952,Gold,1
414,CAN,1952,Silver,2
415,CAN,1956,Bronze,3
416,CAN,1956,Gold,2
417,CAN,1956,Silver,1
418,CAN,1960,Silver,1
419,CAN,1964,Bronze,1
420,CAN,1964,Gold,1
421,CAN,1964,Silver,2
422,CAN,1968,Bronze,1
423,CAN,1968,Gold,1
424,CAN,1968,Silver,3
425,CAN,1972,Bronze,2
426,CAN,1972,Silver,2
427,CAN,1976,Bronze,6
428,CAN,1976,Silver,5
429,CAN,1984,Bronze,15
430,CAN,1984,Gold,10
431,CAN,1984,Silver,18
432,CAN,1988,Bronze,5
433,CAN,1988,Gold,3
434,CAN,1988,Silver,2
435,CAN,1992,Bronze,7
436,CAN,1992,Gold,6
437,CAN,1992,Silver,4
438,CAN,1996,Bronze,8
439,CAN,1996,Gold,3
440,CAN,1996,Silver,11
441,CAN,2000,Bronze,8
442,CAN,2000,Gold,3
443,CAN,2000,Silver,3
444,CAN,2004,Bronze,3
445,CAN,2004,Gold,3
446,CAN,2004,Silver,6
447,CAN,2008,Bronze,6
448,CAN,2008,Gold,3
449,CAN,2008,Silver,9
450,CAN,2012,Bronze,9
451,CAN,2012,Gold,1
452,CAN,2012,Silver,5
453,CAN,2016,Bronze,14
454,CAN,2016,Gold,3
455,CAN,2016,Silver,3
456,CHI,1928,Silver,1
457,CHI,1952,Silver,2
458,CHI,1956,Bronze,2
459,CHI,1956,Silver,2
460,CHI,1988,Silver,1
461,CHI,2000,Bronze,1
462,CHI,2004,Bronze,1
463,CHI,2004,Gold,2
464,CHI,2008,Silver,1
465,CHN,1984,Bronze,9
466,CHN,1984,Gold,14
467,CHN,1984,Silver,7
468,CHN,1988,Bronze,11
469,CHN,1988,Gold,5
470,CHN,1988,Silver,11
471,CHN,1992,Bronze,12
472,CHN,1992,Gold,16
473,CHN,1992,Silver,22
474,CHN,1996,Bronze,12
475,CHN,1996,Gold,16
476,CHN,1996,Silver,22
477,CHN,2000,Bronze,13
478,CHN,2000,Gold,28
479,CHN,2000,Silver,16
480,CHN,2004,Bronze,11
481,CHN,2004,Gold,32
482,CHN,2004,Silver,17
483,CHN,2008,Bronze,26
484,CHN,2008,Gold,51
485,CHN,2008,Silver,21
486,CHN,2012,Bronze,21
487,CHN,2012,Gold,38
488,CHN,2012,Silver,26
489,CHN,2016,Bronze,23
490,CHN,2016,Gold,26
491,CHN,2016,Silver,18
492,CIV,1984,Silver,1
493,CIV,2016,Bronze,1
494,CIV,2016,Gold,1
495,CMR,1968,Silver,1
496,CMR,2000,Gold,1
497,CMR,2004,Gold,1
498,CMR,2008,Gold,1
499,COL,1972,Silver,1
500,COL,1984,Silver,1
501,COL,1988,Bronze,1
502,COL,1992,Bronze,1
503,COL,2000,Gold,1
504,COL,2004,Bronze,2
505,COL,2008,Bronze,1
506,COL,2008,Silver,1
507,COL,2012,Bronze,2
508,COL,2012,Gold,1
509,COL,2012,Silver,3
510,COL,2016,Bronze,2
511,COL,2016,Gold,3
512,COL,2016,Silver,2
513,CRC,1988,Silver,1
514,CRC,1996,Gold,1
515,CRC,2000,Bronze,2
516,CRO,1992,Silver,1
517,CRO,1996,Gold,1
518,CRO,1996,Silver,1
519,CRO,2000,Bronze,1
520,CRO,2000,Gold,1
521,CRO,2004,Bronze,2
522,CRO,2004,Gold,1
523,CRO,2004,Silver,2
524,CRO,2008,Bronze,1
525,CRO,2008,Silver,2
526,CRO,2012,Bronze,1
527,CRO,2012,Gold,3
528,CRO,2012,Silver,1
529,CRO,2016,Bronze,1
530,CRO,2016,Gold,5
531,CRO,2016,Silver,3
532,CUB,1900,Gold,1
533,CUB,1900,Silver,1
534,CUB,1904,Gold,4
535,CUB,1964,Silver,1
536,CUB,1968,Silver,4
537,CUB,1972,Bronze,3
538,CUB,1972,Gold,3
539,CUB,1972,Silver,1
540,CUB,1976,Bronze,3
541,CUB,1976,Gold,6
542,CUB,1976,Silver,4
543,CUB,1980,Bronze,4
544,CUB,1980,Gold,8
545,CUB,1980,Silver,7
546,CUB,1992,Bronze,11
547,CUB,1992,Gold,14
548,CUB,1992,Silver,6
549,CUB,1996,Bronze,6
550,CUB,1996,Gold,9
551,CUB,1996,Silver,8
552,CUB,2000,Bronze,5
553,CUB,2000,Gold,11
554,CUB,2000,Silver,11
555,CUB,2004,Bronze,8
556,CUB,2004,Gold,9
557,CUB,2004,Silver,7
558,CUB,2008,Bronze,8
559,CUB,2008,Gold,2
560,CUB,2008,Silver,11
561,CUB,2012,Bronze,5
562,CUB,2012,Gold,5
563,CUB,2012,Silver,3
564,CUB,2016,Bronze,4
565,CUB,2016,Gold,5
566,CUB,2016,Silver,2
567,CYP,2012,Silver,1
568,CZE,1996,Bronze,4
569,CZE,1996,Gold,4
570,CZE,1996,Silver,3
571,CZE,2000,Bronze,3
572,CZE,2000,Gold,2
573,CZE,2000,Silver,3
574,CZE,2004,Bronze,5
575,CZE,2004,Gold,1
576,CZE,2004,Silver,3
577,CZE,2008,Gold,3
578,CZE,2008,Silver,3
579,CZE,2012,Bronze,3
580,CZE,2012,Gold,4
581,CZE,2012,Silver,3
582,CZE,2016,Bronze,7
583,CZE,2016,Gold,1
584,CZE,2016,Silver,2
585,DEN,1896,Bronze,3
586,DEN,1896,Gold,1
587,DEN,1896,Silver,2
588,DEN,1900,Bronze,2
589,DEN,1900,Gold,2
590,DEN,1900,Silver,2
591,DEN,1906,Bronze,1
592,DEN,1906,Gold,3
593,DEN,1906,Silver,2
594,DEN,1908,Bronze,3
595,DEN,1908,Silver,2
596,DEN,1912,Bronze,5
597,DEN,1912,Gold,1
598,DEN,1912,Silver,6
599,DEN,1920,Bronze,1
600,DEN,1920,Gold,3
601,DEN,1920,Silver,9
602,DEN,1924,Bronze,3
603,DEN,1924,Gold,2
604,DEN,1924,Silver,6
605,DEN,1928,Bronze,4
606,DEN,1928,Gold,3
607,DEN,1928,Silver,2
608,DEN,1932,Bronze,3
609,DEN,1932,Silver,5
610,DEN,1936,Bronze,3
611,DEN,1936,Silver,2
612,DEN,1948,Bronze,9
613,DEN,1948,Gold,5
614,DEN,1948,Silver,8
615,DEN,1952,Bronze,2
616,DEN,1952,Gold,2
617,DEN,1952,Silver,1
618,DEN,1956,Bronze,1
619,DEN,1956,Gold,1
620,DEN,1956,Silver,2
621,DEN,1960,Bronze,1
622,DEN,1960,Gold,2
623,DEN,1960,Silver,3
624,DEN,1964,Bronze,3
625,DEN,1964,Gold,2
626,DEN,1964,Silver,1
627,DEN,1968,Bronze,3
628,DEN,1968,Gold,1
629,DEN,1968,Silver,4
630,DEN,1972,Gold,1
631,DEN,1976,Bronze,2
632,DEN,1976,Gold,1
633,DEN,1980,Bronze,2
634,DEN,1980,Gold,2
635,DEN,1980,Silver,1
636,DEN,1984,Bronze,3
637,DEN,1984,Silver,3
638,DEN,1988,Bronze,1
639,DEN,1988,Gold,2
640,DEN,1988,Silver,1
641,DEN,1992,Bronze,4
642,DEN,1992,Gold,1
643,DEN,1992,Silver,1
644,DEN,1996,Bronze,1
645,DEN,1996,Gold,4
646,DEN,1996,Silver,1
647,DEN,2000,Bronze,1
648,DEN,2000,Gold,2
649,DEN,2000,Silver,3
650,DEN,2004,Bronze,5
651,DEN,2004,Gold,2
652,DEN,2004,Silver,1
653,DEN,2008,Bronze,3
654,DEN,2008,Gold,2
655,DEN,2008,Silver,2
656,DEN,2012,Bronze,3
657,DEN,2012,Gold,2
658,DEN,2012,Silver,4
659,DEN,2016,Bronze,7
660,DEN,2016,Gold,2
661,DEN,2016,Silver,6
662,DJI,1988,Bronze,1
663,DOM,1984,Bronze,1
664,DOM,2004,Gold,1
665,DOM,2008,Gold,1
666,DOM,2008,Silver,1
667,DOM,2012,Gold,1
668,DOM,2012,Silver,1
669,ECU,1996,Gold,1
670,ECU,2008,Silver,1
671,EGY,1928,Bronze,1
672,EGY,1928,Gold,2
673,EGY,1928,Silver,1
674,EGY,1936,Bronze,2
675,EGY,1936,Gold,1
676,EGY,1936,Silver,1
677,EGY,1948,Bronze,1
678,EGY,1948,Gold,2
679,EGY,1948,Silver,2
680,EGY,1952,Bronze,1
681,EGY,1984,Silver,1
682,EGY,2004,Bronze,2
683,EGY,2004,Gold,1
684,EGY,2004,Silver,1
685,EGY,2012,Silver,2
686,EGY,2016,Bronze,2
687,ERI,2004,Bronze,1
688,ESP,1900,Gold,1
689,ESP,1920,Silver,2
690,ESP,1928,Gold,1
691,ESP,1932,Bronze,1
692,ESP,1948,Silver,1
693,ESP,1952,Silver,1
694,ESP,1960,Bronze,1
695,ESP,1976,Silver,2
696,ESP,1980,Bronze,2
697,ESP,1980,Gold,1
698,ESP,1980,Silver,3
699,ESP,1984,Bronze,2
700,ESP,1984,Gold,1
701,ESP,1984,Silver,2
702,ESP,1988,Bronze,2
703,ESP,1988,Gold,1
704,ESP,1988,Silver,1
705,ESP,1992,Bronze,1
706,ESP,1992,Gold,13
707,ESP,1992,Silver,7
708,ESP,1996,Bronze,4
709,ESP,1996,Gold,5
710,ESP,1996,Silver,6
711,ESP,2000,Bronze,5
712,ESP,2000,Gold,3
713,ESP,2000,Silver,3
714,ESP,2004,Bronze,6
715,ESP,2004,Gold,3
716,ESP,2004,Silver,11
717,ESP,2008,Bronze,3
718,ESP,2008,Gold,5
719,ESP,2008,Silver,10
720,ESP,2012,Bronze,3
721,ESP,2012,Gold,3
722,ESP,2012,Silver,10
723,ESP,2016,Bronze,6
724,ESP,2016,Gold,7
725,ESP,2016,Silver,4
726,EST,1920,Gold,1
727,EST,1920,Silver,2
728,EST,1924,Bronze,4
729,EST,1924,Gold,1
730,EST,1924,Silver,1
731,EST,1928,Bronze,2
732,EST,1928,Gold,2
733,EST,1928,Silver,1
734,EST,1936,Bronze,3
735,EST,1936,Gold,2
736,EST,1936,Silver,2
737,EST,1992,Bronze,1
738,EST,1992,Gold,1
739,EST,2000,Bronze,2
740,EST,2000,Gold,1
741,EST,2004,Bronze,2
742,EST,2004,Silver,1
743,EST,2008,Gold,1
744,EST,2008,Silver,1
745,EST,2012,Bronze,1
746,EST,2012,Silver,1
747,EST,2016,Bronze,1
748,ETH,1960,Gold,1
749,ETH,1964,Gold,1
750,ETH,1968,Gold,1
751,ETH,1968,Silver,1
752,ETH,1972,Bronze,2
753,ETH,1980,Bronze,2
754,ETH,1980,Gold,2
755,ETH,1992,Bronze,2
756,ETH,1992,Gold,1
757,ETH,1996,Bronze,1
758,ETH,1996,Gold,2
759,ETH,2000,Bronze,3
760,ETH,2000,Gold,4
761,ETH,2000,Silver,1
762,ETH,2004,Bronze,2
763,ETH,2004,Gold,2
764,ETH,2004,Silver,3
765,ETH,2008,Bronze,2
766,ETH,2008,Gold,4
767,ETH,2008,Silver,1
768,ETH,2012,Bronze,3
769,ETH,2012,Gold,3
770,ETH,2012,Silver,1
771,ETH,2016,Bronze,5
772,ETH,2016,Gold,1
773,ETH,2016,Silver,2
774,EUN,1992,Bronze,25
775,EUN,1992,Gold,44
776,EUN,1992,Silver,37
777,FIJ,2016,Gold,1
778,FIN,1906,Bronze,1
779,FIN,1906,Gold,2
780,FIN,1906,Silver,1
781,FIN,1908,Bronze,3
782,FIN,1908,Gold,1
783,FIN,1908,Silver,1
784,FIN,1912,Bronze,9
785,FIN,1912,Gold,9
786,FIN,1912,Silver,7
787,FIN,1920,Bronze,9
788,FIN,1920,Gold,15
789,FIN,1920,Silver,10
790,FIN,1924,Bronze,10
791,FIN,1924,Gold,14
792,FIN,1924,Silver,13
793,FIN,1928,Bronze,9
794,FIN,1928,Gold,8
795,FIN,1928,Silver,8
796,FIN,1932,Bronze,12
797,FIN,1932,Gold,5
798,FIN,1932,Silver,8
799,FIN,1936,Bronze,6
800,FIN,1936,Gold,8
801,FIN,1936,Silver,6
802,FIN,1948,Bronze,6
803,FIN,1948,Gold,8
804,FIN,1948,Silver,8
805,FIN,1952,Bronze,11
806,FIN,1952,Gold,6
807,FIN,1952,Silver,3
808,FIN,1956,Bronze,11
809,FIN,1956,Gold,3
810,FIN,1956,Silver,1
811,FIN,1960,Bronze,3
812,FIN,1960,Gold,1
813,FIN,1960,Silver,1
814,FIN,1964,Bronze,1
815,FIN,1964,Gold,3
816,FIN,1968,Bronze,1
817,FIN,1968,Gold,1
818,FIN,1968,Silver,2
819,FIN,1972,Bronze,4
820,FIN,1972,Gold,3
821,FIN,1972,Silver,1
822,FIN,1976,Gold,4
823,FIN,1976,Silver,2
824,FIN,1980,Bronze,4
825,FIN,1980,Gold,3
826,FIN,1980,Silver,1
827,FIN,1984,Bronze,5
828,FIN,1984,Gold,4
829,FIN,1984,Silver,2
830,FIN,1988,Bronze,2
831,FIN,1988,Gold,1
832,FIN,1988,Silver,1
833,FIN,1992,Bronze,1
834,FIN,1992,Gold,1
835,FIN,1992,Silver,2
836,FIN,1996,Bronze,1
837,FIN,1996,Gold,1
838,FIN,1996,Silver,2
839,FIN,2000,Bronze,1
840,FIN,2000,Gold,2
841,FIN,2000,Silver,1
842,FIN,2004,Silver,2
843,FIN,2008,Bronze,2
844,FIN,2008,Gold,1
845,FIN,2008,Silver,1
846,FIN,2012,Bronze,2
847,FIN,2012,Silver,1
848,FRA,1896,Bronze,2
849,FRA,1896,Gold,5
850,FRA,1896,Silver,4
851,FRA,1900,Bronze,33
852,FRA,1900,Gold,28
853,FRA,1900,Silver,34
854,FRA,1904,Silver,2
855,FRA,1906,Bronze,16
856,FRA,1906,Gold,15
857,FRA,1906,Silver,9
858,FRA,1908,Bronze,9
859,FRA,1908,Gold,5
860,FRA,1908,Silver,5
861,FRA,1912,Bronze,3
862,FRA,1912,Gold,7
863,FRA,1912,Silver,5
864,FRA,1920,Bronze,13
865,FRA,1920,Gold,9
866,FRA,1920,Silver,20
867,FRA,1924,Bronze,10
868,FRA,1924,Gold,14
869,FRA,1924,Silver,14
870,FRA,1928,Bronze,6
871,FRA,1928,Gold,7
872,FRA,1928,Silver,12
873,FRA,1932,Bronze,4
874,FRA,1932,Gold,11
875,FRA,1932,Silver,5
876,FRA,1936,Bronze,6
877,FRA,1936,Gold,7
878,FRA,1936,Silver,6
879,FRA,1948,Bronze,15
880,FRA,1948,Gold,11
881,FRA,1948,Silver,6
882,FRA,1952,Bronze,5
883,FRA,1952,Gold,6
884,FRA,1952,Silver,6
885,FRA,1956,Bronze,5
886,FRA,1956,Gold,4
887,FRA,1956,Silver,4
888,FRA,1960,Bronze,3
889,FRA,1960,Silver,2
890,FRA,1964,Bronze,6
891,FRA,1964,Gold,1
892,FRA,1964,Silver,8
893,FRA,1968,Bronze,5
894,FRA,1968,Gold,7
895,FRA,1968,Silver,3
896,FRA,1972,Bronze,6
897,FRA,1972,Gold,2
898,FRA,1972,Silver,4
899,FRA,1976,Bronze,3
900,FRA,1976,Gold,2
901,FRA,1976,Silver,3
902,FRA,1980,Bronze,2
903,FRA,1980,Gold,6
904,FRA,1980,Silver,5
905,FRA,1984,Bronze,13
906,FRA,1984,Gold,5
907,FRA,1984,Silver,7
908,FRA,1988,Bronze,6
909,FRA,1988,Gold,6
910,FRA,1988,Silver,4
911,FRA,1992,Bronze,14
912,FRA,1992,Gold,8
913,FRA,1992,Silver,5
914,FRA,1996,Bronze,14
915,FRA,1996,Gold,15
916,FRA,1996,Silver,7
917,FRA,2000,Bronze,9
918,FRA,2000,Gold,13
919,FRA,2000,Silver,14
920,FRA,2004,Bronze,13
921,FRA,2004,Gold,11
922,FRA,2004,Silver,9
923,FRA,2008,Bronze,15
924,FRA,2008,Gold,7
925,FRA,2008,Silver,16
926,FRA,2012,Bronze,10
927,FRA,2012,Gold,11
928,FRA,2012,Silver,11
929,FRA,2016,Bronze,13
930,FRA,2016,Gold,10
931,FRA,2016,Silver,18
932,FRG,1968,Bronze,9
933,FRG,1968,Gold,5
934,FRG,1968,Silver,11
935,FRG,1972,Bronze,15
936,FRG,1972,Gold,13
937,FRG,1972,Silver,11
938,FRG,1976,Bronze,16
939,FRG,1976,Gold,10
940,FRG,1976,Silver,12
941,FRG,1984,Bronze,20
942,FRG,1984,Gold,17
943,FRG,1984,Silver,19
944,FRG,1988,Bronze,15
945,FRG,1988,Gold,11
946,FRG,1988,Silver,14
947,GAB,2012,Silver,1
948,GBR,1896,Bronze,2
949,GBR,1896,Gold,3
950,GBR,1896,Silver,3
951,GBR,1900,Bronze,9
952,GBR,1900,Gold,16
953,GBR,1900,Silver,10
954,GBR,1904,Gold,1
955,GBR,1904,Silver,1
956,GBR,1906,Bronze,5
957,GBR,1906,Gold,8
958,GBR,1906,Silver,12
959,GBR,1908,Bronze,36
960,GBR,1908,Gold,56
961,GBR,1908,Silver,49
962,GBR,1912,Bronze,16
963,GBR,1912,Gold,10
964,GBR,1912,Silver,15
965,GBR,1920,Bronze,13
966,GBR,1920,Gold,14
967,GBR,1920,Silver,16
968,GBR,1924,Bronze,12
969,GBR,1924,Gold,9
970,GBR,1924,Silver,13
971,GBR,1928,Bronze,7
972,GBR,1928,Gold,4
973,GBR,1928,Silver,11
974,GBR,1932,Bronze,5
975,GBR,1932,Gold,5
976,GBR,1932,Silver,7
977,GBR,1936,Bronze,3
978,GBR,1936,Gold,4
979,GBR,1936,Silver,7
980,GBR,1948,Bronze,7
981,GBR,1948,Gold,4
982,GBR,1948,Silver,16
983,GBR,1952,Bronze,8
984,GBR,1952,Gold,1
985,GBR,1952,Silver,2
986,GBR,1956,Bronze,11
987,GBR,1956,Gold,6
988,GBR,1956,Silver,7
989,GBR,1960,Bronze,10
990,GBR,1960,Gold,2
991,GBR,1960,Silver,5
992,GBR,1964,Bronze,2
993,GBR,1964,Gold,4
994,GBR,1964,Silver,12
995,GBR,1968,Bronze,3
996,GBR,1968,Gold,5
997,GBR,1968,Silver,5
998,GBR,1972,Bronze,6
999,GBR,1972,Gold,4
1000,GBR,1972,Silver,5
1001,GBR,1976,Bronze,4
1002,GBR,1976,Gold,3
1003,GBR,1976,Silver,5
1004,GBR,1980,Bronze,8
1005,GBR,1980,Gold,5
1006,GBR,1980,Silver,7
1007,GBR,1984,Bronze,20
1008,GBR,1984,Gold,5
1009,GBR,1984,Silver,11
1010,GBR,1988,Bronze,8
1011,GBR,1988,Gold,5
1012,GBR,1988,Silver,10
1013,GBR,1992,Bronze,10
1014,GBR,1992,Gold,5
1015,GBR,1992,Silver,3
1016,GBR,1996,Bronze,6
1017,GBR,1996,Gold,1
1018,GBR,1996,Silver,8
1019,GBR,2000,Bronze,7
1020,GBR,2000,Gold,11
1021,GBR,2000,Silver,10
1022,GBR,2004,Bronze,12
1023,GBR,2004,Gold,9
1024,GBR,2004,Silver,9
1025,GBR,2008,Bronze,14
1026,GBR,2008,Gold,19
1027,GBR,2008,Silver,13
1028,GBR,2012,Bronze,17
1029,GBR,2012,Gold,29
1030,GBR,2012,Silver,17
1031,GBR,2016,Bronze,15
1032,GBR,2016,Gold,27
1033,GBR,2016,Silver,23
1034,GDR,1968,Bronze,7
1035,GDR,1968,Gold,9
1036,GDR,1968,Silver,9
1037,GDR,1972,Bronze,21
1038,GDR,1972,Gold,20
1039,GDR,1972,Silver,22
1040,GDR,1976,Bronze,24
1041,GDR,1976,Gold,40
1042,GDR,1976,Silver,25
1043,GDR,1980,Bronze,38
1044,GDR,1980,Gold,47
1045,GDR,1980,Silver,36
1046,GDR,1988,Bronze,30
1047,GDR,1988,Gold,37
1048,GDR,1988,Silver,35
1049,GEO,1996,Bronze,1
1050,GEO,2000,Bronze,5
1051,GEO,2004,Gold,2
1052,GEO,2004,Silver,2
1053,GEO,2008,Bronze,2
1054,GEO,2008,Gold,3
1055,GEO,2012,Bronze,1
1056,GEO,2012,Gold,1
1057,GEO,2012,Silver,3
1058,GEO,2016,Bronze,4
1059,GEO,2016,Gold,2
1060,GEO,2016,Silver,1
1061,GER,1896,Bronze,2
1062,GER,1896,Gold,6
1063,GER,1896,Silver,5
1064,GER,1900,Bronze,1
1065,GER,1900,Gold,2
1066,GER,1900,Silver,3
1067,GER,1904,Bronze,6
1068,GER,1904,Gold,4
1069,GER,1904,Silver,5
1070,GER,1906,Bronze,3
1071,GER,1906,Gold,4
1072,GER,1906,Silver,6
1073,GER,1908,Bronze,3
1074,GER,1908,Gold,3
1075,GER,1908,Silver,5
1076,GER,1912,Bronze,7
1077,GER,1912,Gold,6
1078,GER,1912,Silver,13
1079,GER,1928,Bronze,19
1080,GER,1928,Gold,10
1081,GER,1928,Silver,9
1082,GER,1932,Bronze,7
1083,GER,1932,Gold,5
1084,GER,1932,Silver,12
1085,GER,1936,Bronze,32
1086,GER,1936,Gold,38
1087,GER,1936,Silver,31
1088,GER,1952,Bronze,17
1089,GER,1952,Silver,7
1090,GER,1956,Bronze,7
1091,GER,1956,Gold,6
1092,GER,1956,Silver,13
1093,GER,1960,Bronze,10
1094,GER,1960,Gold,12
1095,GER,1960,Silver,19
1096,GER,1964,Bronze,16
1097,GER,1964,Gold,10
1098,GER,1964,Silver,21
1099,GER,1992,Bronze,25
1100,GER,1992,Gold,33
1101,GER,1992,Silver,20
1102,GER,1996,Bronze,22
1103,GER,1996,Gold,20
1104,GER,1996,Silver,18
1105,GER,2000,Bronze,25
1106,GER,2000,Gold,13
1107,GER,2000,Silver,17
1108,GER,2004,Bronze,17
1109,GER,2004,Gold,13
1110,GER,2004,Silver,16
1111,GER,2008,Bronze,15
1112,GER,2008,Gold,16
1113,GER,2008,Silver,10
1114,GER,2012,Bronze,12
1115,GER,2012,Gold,11
1116,GER,2012,Silver,19
1117,GER,2016,Bronze,11
1118,GER,2016,Gold,17
1119,GER,2016,Silver,10
1120,GHA,1960,Silver,1
1121,GHA,1964,Bronze,1
1122,GHA,1972,Bronze,1
1123,GHA,1992,Bronze,1
1124,GRE,1896,Bronze,17
1125,GRE,1896,Gold,10
1126,GRE,1896,Silver,17
1127,GRE,1904,Bronze,1
1128,GRE,1904,Gold,1
1129,GRE,1906,Bronze,13
1130,GRE,1906,Gold,8
1131,GRE,1906,Silver,13
1132,GRE,1908,Silver,2
1133,GRE,1912,Bronze,1
1134,GRE,1912,Gold,1
1135,GRE,1920,Silver,1
1136,GRE,1924,Gold,1
1137,GRE,1956,Bronze,1
1138,GRE,1960,Gold,1
1139,GRE,1968,Bronze,1
1140,GRE,1972,Silver,2
1141,GRE,1980,Bronze,2
1142,GRE,1980,Gold,1
1143,GRE,1984,Bronze,1
1144,GRE,1984,Silver,1
1145,GRE,1988,Bronze,1
1146,GRE,1992,Gold,2
1147,GRE,1996,Gold,4
1148,GRE,1996,Silver,4
1149,GRE,2000,Bronze,3
1150,GRE,2000,Gold,4
1151,GRE,2000,Silver,5
1152,GRE,2004,Bronze,4
1153,GRE,2004,Gold,6
1154,GRE,2004,Silver,6
1155,GRE,2008,Bronze,2
1156,GRE,2008,Silver,2
1157,GRE,2012,Bronze,2
1158,GRE,2016,Bronze,2
1159,GRE,2016,Gold,3
1160,GRE,2016,Silver,1
1161,GRN,2012,Gold,1
1162,GRN,2016,Silver,1
1163,GUA,2012,Silver,1
1164,GUY,1980,Bronze,1
1165,HAI,1924,Bronze,1
1166,HAI,1928,Silver,1
1167,HKG,1996,Gold,1
1168,HKG,2004,Silver,1
1169,HKG,2012,Bronze,1
1170,HUN,1896,Bronze,1
1171,HUN,1896,Gold,2
1172,HUN,1896,Silver,1
1173,HUN,1900,Bronze,2
1174,HUN,1900,Gold,1
1175,HUN,1900,Silver,2
1176,HUN,1904,Bronze,1
1177,HUN,1904,Gold,2
1178,HUN,1904,Silver,1
1179,HUN,1906,Bronze,3
1180,HUN,1906,Gold,2
1181,HUN,1906,Silver,5
1182,HUN,1908,Bronze,2
1183,HUN,1908,Gold,3
1184,HUN,1908,Silver,3
1185,HUN,1912,Bronze,3
1186,HUN,1912,Gold,3
1187,HUN,1912,Silver,2
1188,HUN,1924,Bronze,4
1189,HUN,1924,Gold,2
1190,HUN,1924,Silver,4
1191,HUN,1928,Gold,5
1192,HUN,1928,Silver,5
1193,HUN,1932,Bronze,5
1194,HUN,1932,Gold,6
1195,HUN,1932,Silver,5
1196,HUN,1936,Bronze,5
1197,HUN,1936,Gold,10
1198,HUN,1936,Silver,1
1199,HUN,1948,Bronze,12
1200,HUN,1948,Gold,10
1201,HUN,1948,Silver,5
1202,HUN,1952,Bronze,16
1203,HUN,1952,Gold,16
1204,HUN,1952,Silver,10
1205,HUN,1956,Bronze,6
1206,HUN,1956,Gold,9
1207,HUN,1956,Silver,10
1208,HUN,1960,Bronze,7
1209,HUN,1960,Gold,6
1210,HUN,1960,Silver,8
1211,HUN,1964,Bronze,5
1212,HUN,1964,Gold,10
1213,HUN,1964,Silver,7
1214,HUN,1968,Bronze,12
1215,HUN,1968,Gold,10
1216,HUN,1968,Silver,10
1217,HUN,1972,Bronze,16
1218,HUN,1972,Gold,6
1219,HUN,1972,Silver,13
1220,HUN,1976,Bronze,12
1221,HUN,1976,Gold,4
1222,HUN,1976,Silver,5
1223,HUN,1980,Bronze,12
1224,HUN,1980,Gold,7
1225,HUN,1980,Silver,10
1226,HUN,1988,Bronze,6
1227,HUN,1988,Gold,10
1228,HUN,1988,Silver,6
1229,HUN,1992,Bronze,5
1230,HUN,1992,Gold,10
1231,HUN,1992,Silver,12
1232,HUN,1996,Bronze,10
1233,HUN,1996,Gold,7
1234,HUN,1996,Silver,3
1235,HUN,2000,Bronze,3
1236,HUN,2000,Gold,8
1237,HUN,2000,Silver,6
1238,HUN,2004,Bronze,3
1239,HUN,2004,Gold,8
1240,HUN,2004,Silver,6
1241,HUN,2008,Bronze,2
1242,HUN,2008,Gold,3
1243,HUN,2008,Silver,5
1244,HUN,2012,Bronze,6
1245,HUN,2012,Gold,8
1246,HUN,2012,Silver,4
1247,HUN,2016,Bronze,4
1248,HUN,2016,Gold,8
1249,HUN,2016,Silver,3
1250,INA,1988,Silver,1
1251,INA,1992,Gold,2
1252,INA,1992,Silver,2
1253,INA,1996,Bronze,2
1254,INA,1996,Gold,1
1255,INA,1996,Silver,1
1256,INA,2000,Bronze,2
1257,INA,2000,Gold,1
1258,INA,2000,Silver,3
1259,INA,2004,Bronze,2
1260,INA,2004,Gold,1
1261,INA,2004,Silver,1
1262,INA,2008,Bronze,3
1263,INA,2008,Gold,1
1264,INA,2008,Silver,1
1265,INA,2012,Bronze,1
1266,INA,2012,Silver,1
1267,INA,2016,Gold,1
1268,INA,2016,Silver,2
1269,IND,1900,Silver,2
1270,IND,1928,Gold,1
1271,IND,1932,Gold,1
1272,IND,1936,Gold,1
1273,IND,1948,Gold,1
1274,IND,1952,Bronze,1
1275,IND,1952,Gold,1
1276,IND,1956,Gold,1
1277,IND,1960,Silver,1
1278,IND,1964,Gold,1
1279,IND,1968,Bronze,1
1280,IND,1972,Bronze,1
1281,IND,1980,Gold,1
1282,IND,1996,Bronze,1
1283,IND,2000,Bronze,1
1284,IND,2004,Silver,1
1285,IND,2008,Bronze,2
1286,IND,2008,Gold,1
1287,IND,2012,Bronze,3
1288,IND,2012,Silver,2
1289,IND,2016,Silver,1
1290,IOA,1992,Bronze,2
1291,IOA,1992,Silver,1
1292,IOA,2016,Bronze,1
1293,IOA,2016,Gold,1
1294,IRI,1948,Bronze,1
1295,IRI,1952,Bronze,4
1296,IRI,1952,Silver,3
1297,IRI,1956,Bronze,1
1298,IRI,1956,Gold,2
1299,IRI,1956,Silver,2
1300,IRI,1960,Bronze,3
1301,IRI,1960,Silver,1
1302,IRI,1964,Bronze,2
1303,IRI,1968,Bronze,2
1304,IRI,1968,Gold,2
1305,IRI,1968,Silver,1
1306,IRI,1972,Bronze,1
1307,IRI,1972,Silver,2
1308,IRI,1976,Bronze,1
1309,IRI,1976,Silver,1
1310,IRI,1988,Silver,1
1311,IRI,1992,Bronze,2
1312,IRI,1992,Silver,1
1313,IRI,1996,Bronze,1
1314,IRI,1996,Gold,1
1315,IRI,1996,Silver,1
1316,IRI,2000,Bronze,1
1317,IRI,2000,Gold,3
1318,IRI,2004,Bronze,2
1319,IRI,2004,Gold,2
1320,IRI,2004,Silver,2
1321,IRI,2008,Bronze,1
1322,IRI,2008,Gold,1
1323,IRI,2012,Bronze,3
1324,IRI,2012,Gold,4
1325,IRI,2012,Silver,5
1326,IRI,2016,Bronze,2
1327,IRI,2016,Gold,3
1328,IRI,2016,Silver,1
1329,IRL,1924,Bronze,1
1330,IRL,1924,Silver,1
1331,IRL,1928,Gold,1
1332,IRL,1932,Gold,2
1333,IRL,1948,Bronze,1
1334,IRL,1952,Silver,1
1335,IRL,1956,Bronze,2
1336,IRL,1956,Gold,1
1337,IRL,1956,Silver,1
1338,IRL,1980,Bronze,1
1339,IRL,1980,Silver,1
1340,IRL,1984,Silver,1
1341,IRL,1992,Gold,1
1342,IRL,1992,Silver,1
1343,IRL,1996,Bronze,1
1344,IRL,1996,Gold,3
1345,IRL,2000,Silver,1
1346,IRL,2008,Bronze,1
1347,IRL,2008,Silver,1
1348,IRL,2012,Bronze,1
1349,IRL,2012,Gold,1
1350,IRL,2012,Silver,1
1351,IRL,2016,Silver,2
1352,IRQ,1960,Bronze,1
1353,ISL,1956,Silver,1
1354,ISL,1984,Bronze,1
1355,ISL,2000,Bronze,1
1356,ISL,2008,Silver,1
1357,ISR,1992,Silver,1
1358,ISR,1996,Bronze,1
1359,ISR,2000,Bronze,1
1360,ISR,2004,Gold,1
1361,ISR,2008,Bronze,1
1362,ISR,2016,Bronze,1
1363,ISV,1988,Silver,1
1364,ITA,1900,Gold,2
1365,ITA,1900,Silver,2
1366,ITA,1906,Bronze,3
1367,ITA,1906,Gold,7
1368,ITA,1906,Silver,6
1369,ITA,1908,Gold,2
1370,ITA,1908,Silver,2
1371,ITA,1912,Bronze,2
1372,ITA,1912,Gold,5
1373,ITA,1912,Silver,1
1374,ITA,1920,Bronze,5
1375,ITA,1920,Gold,14
1376,ITA,1920,Silver,6
1377,ITA,1924,Bronze,5
1378,ITA,1924,Gold,8
1379,ITA,1924,Silver,3
1380,ITA,1928,Bronze,7
1381,ITA,1928,Gold,7
1382,ITA,1928,Silver,6
1383,ITA,1932,Bronze,12
1384,ITA,1932,Gold,12
1385,ITA,1932,Silver,12
1386,ITA,1936,Bronze,5
1387,ITA,1936,Gold,9
1388,ITA,1936,Silver,13
1389,ITA,1948,Bronze,10
1390,ITA,1948,Gold,9
1391,ITA,1948,Silver,12
1392,ITA,1952,Bronze,3
1393,ITA,1952,Gold,8
1394,ITA,1952,Silver,9
1395,ITA,1956,Bronze,8
1396,ITA,1956,Gold,8
1397,ITA,1956,Silver,8
1398,ITA,1960,Bronze,12
1399,ITA,1960,Gold,13
1400,ITA,1960,Silver,10
1401,ITA,1964,Bronze,7
1402,ITA,1964,Gold,10
1403,ITA,1964,Silver,10
1404,ITA,1968,Bronze,9
1405,ITA,1968,Gold,3
1406,ITA,1968,Silver,4
1407,ITA,1972,Bronze,10
1408,ITA,1972,Gold,5
1409,ITA,1972,Silver,3
1410,ITA,1976,Bronze,4
1411,ITA,1976,Gold,2
1412,ITA,1976,Silver,7
1413,ITA,1980,Bronze,4
1414,ITA,1980,Gold,8
1415,ITA,1980,Silver,3
1416,ITA,1984,Bronze,12
1417,ITA,1984,Gold,14
1418,ITA,1984,Silver,6
1419,ITA,1988,Bronze,4
1420,ITA,1988,Gold,6
1421,ITA,1988,Silver,4
1422,ITA,1992,Bronze,8
1423,ITA,1992,Gold,6
1424,ITA,1992,Silver,5
1425,ITA,1996,Bronze,11
1426,ITA,1996,Gold,13
1427,ITA,1996,Silver,10
1428,ITA,2000,Bronze,11
1429,ITA,2000,Gold,13
1430,ITA,2000,Silver,8
1431,ITA,2004,Bronze,10
1432,ITA,2004,Gold,10
1433,ITA,2004,Silver,11
1434,ITA,2008,Bronze,9
1435,ITA,2008,Gold,8
1436,ITA,2008,Silver,9
1437,ITA,2012,Bronze,10
1438,ITA,2012,Gold,8
1439,ITA,2012,Silver,9
1440,ITA,2016,Bronze,8
1441,ITA,2016,Gold,8
1442,ITA,2016,Silver,12
1443,JAM,1948,Gold,1
1444,JAM,1948,Silver,2
1445,JAM,1952,Gold,2
1446,JAM,1952,Silver,3
1447,JAM,1968,Silver,1
1448,JAM,1972,Bronze,1
1449,JAM,1976,Gold,1
1450,JAM,1976,Silver,1
1451,JAM,1980,Bronze,3
1452,JAM,1984,Bronze,2
1453,JAM,1984,Silver,1
1454,JAM,1988,Silver,2
1455,JAM,1992,Bronze,1
1456,JAM,1992,Silver,3
1457,JAM,1996,Bronze,2
1458,JAM,1996,Gold,1
1459,JAM,1996,Silver,3
1460,JAM,2000,Bronze,3
1461,JAM,2000,Silver,6
1462,JAM,2004,Bronze,2
1463,JAM,2004,Gold,2
1464,JAM,2004,Silver,1
1465,JAM,2008,Bronze,2
1466,JAM,2008,Gold,5
1467,JAM,2008,Silver,2
1468,JAM,2012,Bronze,4
1469,JAM,2012,Gold,4
1470,JAM,2012,Silver,4
1471,JAM,2016,Bronze,2
1472,JAM,2016,Gold,6
1473,JAM,2016,Silver,3
1474,JOR,2016,Gold,1
1475,JPN,1920,Silver,2
1476,JPN,1924,Bronze,1
1477,JPN,1928,Bronze,1
1478,JPN,1928,Gold,2
1479,JPN,1928,Silver,2
1480,JPN,1932,Bronze,4
1481,JPN,1932,Gold,7
1482,JPN,1932,Silver,7
1483,JPN,1936,Bronze,10
1484,JPN,1936,Gold,6
1485,JPN,1936,Silver,4
1486,JPN,1952,Bronze,1
1487,JPN,1952,Gold,1
1488,JPN,1952,Silver,5
1489,JPN,1956,Bronze,3
1490,JPN,1956,Gold,4
1491,JPN,1956,Silver,10
1492,JPN,1960,Bronze,5
1493,JPN,1960,Gold,4
1494,JPN,1960,Silver,7
1495,JPN,1964,Bronze,8
1496,JPN,1964,Gold,16
1497,JPN,1964,Silver,4
1498,JPN,1968,Bronze,6
1499,JPN,1968,Gold,11
1500,JPN,1968,Silver,7
1501,JPN,1972,Bronze,8
1502,JPN,1972,Gold,13
1503,JPN,1972,Silver,8
1504,JPN,1976,Bronze,9
1505,JPN,1976,Gold,9
1506,JPN,1976,Silver,6
1507,JPN,1984,Bronze,13
1508,JPN,1984,Gold,10
1509,JPN,1984,Silver,6
1510,JPN,1988,Bronze,6
1511,JPN,1988,Gold,4
1512,JPN,1988,Silver,3
1513,JPN,1992,Bronze,7
1514,JPN,1992,Gold,3
1515,JPN,1992,Silver,8
1516,JPN,1996,Bronze,5
1517,JPN,1996,Gold,3
1518,JPN,1996,Silver,6
1519,JPN,2000,Bronze,4
1520,JPN,2000,Gold,5
1521,JPN,2000,Silver,8
1522,JPN,2004,Bronze,11
1523,JPN,2004,Gold,16
1524,JPN,2004,Silver,9
1525,JPN,2008,Bronze,6
1526,JPN,2008,Gold,9
1527,JPN,2008,Silver,7
1528,JPN,2012,Bronze,12
1529,JPN,2012,Gold,7
1530,JPN,2012,Silver,14
1531,JPN,2016,Bronze,19
1532,JPN,2016,Gold,12
1533,JPN,2016,Silver,8
1534,KAZ,1996,Bronze,3
1535,KAZ,1996,Gold,3
1536,KAZ,1996,Silver,4
1537,KAZ,2000,Gold,3
1538,KAZ,2000,Silver,4
1539,KAZ,2004,Bronze,2
1540,KAZ,2004,Gold,1
1541,KAZ,2004,Silver,4
1542,KAZ,2008,Bronze,4
1543,KAZ,2008,Gold,2
1544,KAZ,2008,Silver,4
1545,KAZ,2012,Bronze,3
1546,KAZ,2012,Gold,7
1547,KAZ,2012,Silver,1
1548,KAZ,2016,Bronze,8
1549,KAZ,2016,Gold,3
1550,KAZ,2016,Silver,5
1551,KEN,1964,Bronze,1
1552,KEN,1968,Bronze,1
1553,KEN,1968,Gold,3
1554,KEN,1968,Silver,4
1555,KEN,1972,Bronze,4
1556,KEN,1972,Gold,2
1557,KEN,1972,Silver,3
1558,KEN,1984,Bronze,2
1559,KEN,1984,Gold,1
1560,KEN,1988,Bronze,1
1561,KEN,1988,Gold,5
1562,KEN,1988,Silver,2
1563,KEN,1992,Bronze,2
1564,KEN,1992,Gold,2
1565,KEN,1992,Silver,4
1566,KEN,1996,Bronze,3
1567,KEN,1996,Gold,1
1568,KEN,1996,Silver,4
1569,KEN,2000,Bronze,2
1570,KEN,2000,Gold,2
1571,KEN,2000,Silver,3
1572,KEN,2004,Bronze,2
1573,KEN,2004,Gold,1
1574,KEN,2004,Silver,4
1575,KEN,2008,Bronze,5
1576,KEN,2008,Gold,6
1577,KEN,2008,Silver,4
1578,KEN,2012,Bronze,5
1579,KEN,2012,Gold,2
1580,KEN,2012,Silver,4
1581,KEN,2016,Bronze,1
1582,KEN,2016,Gold,6
1583,KEN,2016,Silver,6
1584,KGZ,2008,Silver,1
1585,KOR,1948,Bronze,2
1586,KOR,1952,Bronze,2
1587,KOR,1956,Bronze,1
1588,KOR,1956,Silver,1
1589,KOR,1964,Silver,2
1590,KOR,1968,Bronze,1
1591,KOR,1968,Silver,1
1592,KOR,1972,Silver,1
1593,KOR,1976,Bronze,2
1594,KOR,1976,Gold,1
1595,KOR,1976,Silver,1
1596,KOR,1984,Bronze,6
1597,KOR,1984,Gold,6
1598,KOR,1984,Silver,6
1599,KOR,1988,Bronze,10
1600,KOR,1988,Gold,12
1601,KOR,1988,Silver,10
1602,KOR,1992,Bronze,9
1603,KOR,1992,Gold,12
1604,KOR,1992,Silver,5
1605,KOR,1996,Bronze,4
1606,KOR,1996,Gold,7
1607,KOR,1996,Silver,15
1608,KOR,2000,Bronze,10
1609,KOR,2000,Gold,8
1610,KOR,2000,Silver,10
1611,KOR,2004,Bronze,9
1612,KOR,2004,Gold,9
1613,KOR,2004,Silver,12
1614,KOR,2008,Bronze,6
1615,KOR,2008,Gold,13
1616,KOR,2008,Silver,10
1617,KOR,2012,Bronze,6
1618,KOR,2012,Gold,13
1619,KOR,2012,Silver,8
1620,KOR,2016,Bronze,6
1621,KOR,2016,Gold,9
1622,KOR,2016,Silver,3
1623,KOS,2016,Gold,1
1624,KSA,2000,Bronze,1
1625,KSA,2000,Silver,1
1626,KSA,2012,Bronze,1
1627,KUW,2000,Bronze,1
1628,KUW,2012,Bronze,1
1629,LAT,1932,Silver,1
1630,LAT,1936,Bronze,1
1631,LAT,1936,Silver,1
1632,LAT,1992,Bronze,1
1633,LAT,1992,Silver,2
1634,LAT,1996,Silver,1
1635,LAT,2000,Gold,1
1636,LAT,2000,Silver,1
1637,LAT,2004,Silver,4
1638,LAT,2008,Bronze,1
1639,LAT,2008,Gold,1
1640,LAT,2008,Silver,1
1641,LAT,2012,Bronze,1
1642,LAT,2012,Gold,1
1643,LIB,1952,Bronze,1
1644,LIB,1952,Silver,1
1645,LIB,1972,Silver,1
1646,LIB,1980,Bronze,1
1647,LTU,1992,Bronze,1
1648,LTU,1992,Gold,1
1649,LTU,1996,Bronze,1
1650,LTU,2000,Bronze,3
1651,LTU,2000,Gold,2
1652,LTU,2004,Gold,1
1653,LTU,2004,Silver,2
1654,LTU,2008,Bronze,3
1655,LTU,2008,Silver,2
1656,LTU,2012,Bronze,1
1657,LTU,2012,Gold,2
1658,LTU,2012,Silver,1
1659,LTU,2016,Bronze,3
1660,LTU,2016,Silver,1
1661,LUX,1900,Gold,1
1662,LUX,1920,Silver,1
1663,LUX,1924,Gold,1
1664,LUX,1924,Silver,1
1665,LUX,1928,Gold,1
1666,LUX,1952,Gold,1
1667,MAR,1960,Silver,1
1668,MAR,1984,Gold,2
1669,MAR,1988,Bronze,2
1670,MAR,1988,Gold,1
1671,MAR,1992,Bronze,1
1672,MAR,1992,Gold,1
1673,MAR,1992,Silver,1
1674,MAR,1996,Bronze,2
1675,MAR,2000,Bronze,3
1676,MAR,2000,Silver,1
1677,MAR,2004,Gold,2
1678,MAR,2004,Silver,1
1679,MAR,2008,Bronze,1
1680,MAR,2008,Silver,1
1681,MAR,2012,Bronze,1
1682,MAS,1996,Bronze,1
1683,MAS,1996,Silver,1
1684,MAS,2008,Silver,1
1685,MAS,2012,Bronze,1
1686,MAS,2012,Silver,1
1687,MAS,2016,Bronze,1
1688,MAS,2016,Silver,4
1689,MDA,1996,Bronze,1
1690,MDA,1996,Silver,1
1691,MDA,2000,Bronze,1
1692,MDA,2000,Silver,1
1693,MDA,2008,Bronze,1
1694,MDA,2012,Bronze,2
1695,MEX,1932,Silver,2
1696,MEX,1936,Bronze,3
1697,MEX,1948,Bronze,2
1698,MEX,1948,Gold,2
1699,MEX,1948,Silver,1
1700,MEX,1952,Silver,1
1701,MEX,1956,Bronze,1
1702,MEX,1956,Gold,1
1703,MEX,1960,Bronze,1
1704,MEX,1964,Bronze,1
1705,MEX,1968,Bronze,1
1706,MEX,1968,Gold,3
1707,MEX,1968,Silver,3
1708,MEX,1972,Silver,1
1709,MEX,1976,Gold,1
1710,MEX,1980,Bronze,3
1711,MEX,1980,Silver,1
1712,MEX,1984,Bronze,1
1713,MEX,1984,Gold,2
1714,MEX,1984,Silver,3
1715,MEX,1988,Bronze,2
1716,MEX,1992,Silver,1
1717,MEX,1996,Bronze,1
1718,MEX,2000,Bronze,3
1719,MEX,2000,Gold,1
1720,MEX,2000,Silver,2
1721,MEX,2004,Bronze,1
1722,MEX,2004,Silver,3
1723,MEX,2008,Bronze,1
1724,MEX,2008,Gold,2
1725,MEX,2012,Bronze,2
1726,MEX,2012,Gold,1
1727,MEX,2012,Silver,3
1728,MEX,2016,Bronze,2
1729,MEX,2016,Silver,3
1730,MGL,1968,Bronze,3
1731,MGL,1968,Silver,1
1732,MGL,1972,Silver,1
1733,MGL,1976,Silver,1
1734,MGL,1980,Bronze,1
1735,MGL,1980,Silver,2
1736,MGL,1992,Bronze,1
1737,MGL,1996,Bronze,1
1738,MGL,2008,Gold,2
1739,MGL,2008,Silver,2
1740,MGL,2012,Bronze,1
1741,MGL,2012,Silver,2
1742,MGL,2016,Silver,1
1743,MKD,2000,Bronze,1
1744,MNE,2012,Silver,1
1745,MON,1924,Bronze,1
1746,MOZ,1996,Bronze,1
1747,MOZ,2000,Gold,1
1748,NAM,1992,Silver,2
1749,NAM,1996,Silver,2
1750,NED,1900,Bronze,3
1751,NED,1900,Gold,1
1752,NED,1900,Silver,1
1753,NED,1906,Bronze,2
1754,NED,1906,Silver,1
1755,NED,1908,Bronze,1
1756,NED,1912,Bronze,3
1757,NED,1920,Bronze,5
1758,NED,1920,Gold,4
1759,NED,1920,Silver,2
1760,NED,1924,Bronze,6
1761,NED,1924,Gold,4
1762,NED,1924,Silver,1
1763,NED,1928,Bronze,5
1764,NED,1928,Gold,8
1765,NED,1928,Silver,10
1766,NED,1932,Bronze,1
1767,NED,1932,Gold,2
1768,NED,1932,Silver,5
1769,NED,1936,Bronze,7
1770,NED,1936,Gold,6
1771,NED,1936,Silver,4
1772,NED,1948,Bronze,9
1773,NED,1948,Gold,5
1774,NED,1948,Silver,2
1775,NED,1952,Silver,5
1776,NED,1960,Bronze,2
1777,NED,1960,Silver,1
1778,NED,1964,Bronze,4
1779,NED,1964,Gold,2
1780,NED,1964,Silver,4
1781,NED,1968,Bronze,1
1782,NED,1968,Gold,3
1783,NED,1968,Silver,3
1784,NED,1972,Bronze,1
1785,NED,1972,Gold,3
1786,NED,1972,Silver,1
1787,NED,1976,Bronze,3
1788,NED,1976,Silver,2
1789,NED,1980,Bronze,1
1790,NED,1980,Silver,1
1791,NED,1984,Bronze,5
1792,NED,1984,Gold,5
1793,NED,1984,Silver,2
1794,NED,1988,Bronze,3
1795,NED,1988,Gold,2
1796,NED,1988,Silver,2
1797,NED,1992,Bronze,6
1798,NED,1992,Gold,2
1799,NED,1992,Silver,6
1800,NED,1996,Bronze,9
1801,NED,1996,Gold,4
1802,NED,1996,Silver,5
1803,NED,2000,Bronze,4
1804,NED,2000,Gold,12
1805,NED,2000,Silver,9
1806,NED,2004,Bronze,8
1807,NED,2004,Gold,4
1808,NED,2004,Silver,9
1809,NED,2008,Bronze,4
1810,NED,2008,Gold,7
1811,NED,2008,Silver,5
1812,NED,2012,Bronze,7
1813,NED,2012,Gold,6
1814,NED,2012,Silver,6
1815,NED,2016,Bronze,3
1816,NED,2016,Gold,8
1817,NED,2016,Silver,7
1818,NGR,1984,Bronze,1
1819,NGR,1984,Silver,1
1820,NGR,1992,Bronze,1
1821,NGR,1992,Silver,3
1822,NGR,1996,Bronze,3
1823,NGR,1996,Gold,2
1824,NGR,1996,Silver,1
1825,NGR,2000,Gold,1
1826,NGR,2000,Silver,2
1827,NGR,2004,Bronze,2
1828,NGR,2008,Bronze,2
1829,NGR,2008,Silver,1
1830,NGR,2016,Bronze,1
1831,NIG,1972,Bronze,1
1832,NIG,2016,Silver,1
1833,NOR,1900,Bronze,3
1834,NOR,1900,Silver,2
1835,NOR,1904,Gold,2
1836,NOR,1906,Gold,1
1837,NOR,1906,Silver,1
1838,NOR,1908,Bronze,3
1839,NOR,1908,Gold,2
1840,NOR,1908,Silver,3
1841,NOR,1912,Bronze,4
1842,NOR,1912,Gold,4
1843,NOR,1912,Silver,1
1844,NOR,1920,Bronze,9
1845,NOR,1920,Gold,10
1846,NOR,1920,Silver,10
1847,NOR,1924,Bronze,3
1848,NOR,1924,Gold,5
1849,NOR,1924,Silver,2
1850,NOR,1928,Bronze,1
1851,NOR,1928,Gold,1
1852,NOR,1928,Silver,2
1853,NOR,1936,Bronze,2
1854,NOR,1936,Gold,1
1855,NOR,1936,Silver,3
1856,NOR,1948,Bronze,3
1857,NOR,1948,Gold,1
1858,NOR,1948,Silver,3
1859,NOR,1952,Gold,3
1860,NOR,1952,Silver,2
1861,NOR,1956,Bronze,2
1862,NOR,1956,Gold,1
1863,NOR,1960,Gold,1
1864,NOR,1968,Gold,1
1865,NOR,1968,Silver,1
1866,NOR,1972,Bronze,1
1867,NOR,1972,Gold,2
1868,NOR,1972,Silver,1
1869,NOR,1976,Gold,1
1870,NOR,1976,Silver,1
1871,NOR,1984,Bronze,2
1872,NOR,1984,Silver,1
1873,NOR,1988,Gold,2
1874,NOR,1988,Silver,3
1875,NOR,1992,Bronze,1
1876,NOR,1992,Gold,2
1877,NOR,1992,Silver,4
1878,NOR,1996,Bronze,3
1879,NOR,1996,Gold,2
1880,NOR,1996,Silver,2
1881,NOR,2000,Bronze,3
1882,NOR,2000,Gold,4
1883,NOR,2000,Silver,3
1884,NOR,2004,Bronze,1
1885,NOR,2004,Gold,5
1886,NOR,2008,Bronze,1
1887,NOR,2008,Gold,3
1888,NOR,2008,Silver,5
1889,NOR,2012,Bronze,1
1890,NOR,2012,Gold,2
1891,NOR,2012,Silver,1
1892,NOR,2016,Bronze,4
1893,NZL,1920,Bronze,1
1894,NZL,1924,Bronze,1
1895,NZL,1928,Gold,1
1896,NZL,1932,Silver,1
1897,NZL,1936,Gold,1
1898,NZL,1952,Bronze,2
1899,NZL,1952,Gold,1
1900,NZL,1956,Gold,2
1901,NZL,1960,Bronze,1
1902,NZL,1960,Gold,2
1903,NZL,1964,Bronze,2
1904,NZL,1964,Gold,3
1905,NZL,1968,Bronze,2
1906,NZL,1968,Gold,1
1907,NZL,1972,Bronze,1
1908,NZL,1972,Gold,1
1909,NZL,1972,Silver,1
1910,NZL,1976,Bronze,1
1911,NZL,1976,Gold,2
1912,NZL,1976,Silver,1
1913,NZL,1984,Bronze,2
1914,NZL,1984,Gold,8
1915,NZL,1984,Silver,1
1916,NZL,1988,Bronze,8
1917,NZL,1988,Gold,3
1918,NZL,1988,Silver,2
1919,NZL,1992,Bronze,5
1920,NZL,1992,Gold,1
1921,NZL,1992,Silver,4
1922,NZL,1996,Bronze,1
1923,NZL,1996,Gold,3
1924,NZL,1996,Silver,2
1925,NZL,2000,Bronze,3
1926,NZL,2000,Gold,1
1927,NZL,2004,Gold,3
1928,NZL,2004,Silver,2
1929,NZL,2008,Bronze,4
1930,NZL,2008,Gold,3
1931,NZL,2008,Silver,2
1932,NZL,2012,Bronze,4
1933,NZL,2012,Gold,6
1934,NZL,2012,Silver,2
1935,NZL,2016,Bronze,5
1936,NZL,2016,Gold,4
1937,NZL,2016,Silver,9
1938,PAK,1956,Silver,1
1939,PAK,1960,Bronze,1
1940,PAK,1960,Gold,1
1941,PAK,1964,Silver,1
1942,PAK,1968,Gold,1
1943,PAK,1972,Silver,1
1944,PAK,1976,Bronze,1
1945,PAK,1984,Gold,1
1946,PAK,1988,Bronze,1
1947,PAK,1992,Bronze,1
1948,PAN,1948,Bronze,2
1949,PAN,2008,Gold,1
1950,PAR,2004,Silver,1
1951,PER,1948,Gold,1
1952,PER,1984,Silver,1
1953,PER,1988,Silver,1
1954,PER,1992,Silver,1
1955,PHI,1928,Bronze,1
1956,PHI,1932,Bronze,3
1957,PHI,1936,Bronze,1
1958,PHI,1964,Silver,1
1959,PHI,1996,Silver,1
1960,PHI,2016,Silver,1
1961,POL,1924,Bronze,1
1962,POL,1924,Silver,1
1963,POL,1928,Bronze,4
1964,POL,1928,Gold,2
1965,POL,1928,Silver,1
1966,POL,1932,Bronze,4
1967,POL,1932,Gold,3
1968,POL,1932,Silver,2
1969,POL,1936,Bronze,5
1970,POL,1936,Silver,4
1971,POL,1948,Bronze,1
1972,POL,1948,Gold,1
1973,POL,1952,Bronze,1
1974,POL,1952,Gold,1
1975,POL,1952,Silver,2
1976,POL,1956,Bronze,1
1977,POL,1956,Gold,1
1978,POL,1956,Silver,4
1979,POL,1960,Bronze,10
1980,POL,1960,Gold,4
1981,POL,1960,Silver,6
1982,POL,1964,Bronze,8
1983,POL,1964,Gold,7
1984,POL,1964,Silver,6
1985,POL,1968,Bronze,10
1986,POL,1968,Gold,5
1987,POL,1968,Silver,2
1988,POL,1972,Bronze,9
1989,POL,1972,Gold,7
1990,POL,1972,Silver,5
1991,POL,1976,Bronze,11
1992,POL,1976,Gold,7
1993,POL,1976,Silver,6
1994,POL,1980,Bronze,13
1995,POL,1980,Gold,3
1996,POL,1980,Silver,14
1997,POL,1988,Bronze,8
1998,POL,1988,Gold,2
1999,POL,1988,Silver,5
2000,POL,1992,Bronze,9
2001,POL,1992,Gold,3
2002,POL,1992,Silver,6
2003,POL,1996,Bronze,5
2004,POL,1996,Gold,7
2005,POL,1996,Silver,5
2006,POL,2000,Bronze,3
2007,POL,2000,Gold,6
2008,POL,2000,Silver,5
2009,POL,2004,Bronze,5
2010,POL,2004,Gold,3
2011,POL,2004,Silver,2
2012,POL,2008,Gold,3
2013,POL,2008,Silver,6
2014,POL,2012,Bronze,5
2015,POL,2012,Gold,2
2016,POL,2012,Silver,2
2017,POL,2016,Bronze,5
2018,POL,2016,Gold,2
2019,POL,2016,Silver,3
2020,POR,1924,Bronze,1
2021,POR,1928,Bronze,1
2022,POR,1936,Bronze,1
2023,POR,1948,Bronze,1
2024,POR,1948,Silver,1
2025,POR,1952,Bronze,1
2026,POR,1960,Silver,1
2027,POR,1976,Silver,2
2028,POR,1984,Bronze,2
2029,POR,1984,Gold,1
2030,POR,1988,Gold,1
2031,POR,1996,Bronze,1
2032,POR,1996,Gold,1
2033,POR,2000,Bronze,1
2034,POR,2004,Bronze,1
2035,POR,2004,Silver,2
2036,POR,2008,Gold,1
2037,POR,2008,Silver,1
2038,POR,2012,Silver,1
2039,PRK,1972,Bronze,3
2040,PRK,1972,Gold,1
2041,PRK,1972,Silver,1
2042,PRK,1976,Gold,1
2043,PRK,1976,Silver,1
2044,PRK,1980,Bronze,2
2045,PRK,1980,Silver,3
2046,PRK,1992,Bronze,2
2047,PRK,1992,Gold,4
2048,PRK,1996,Bronze,2
2049,PRK,1996,Gold,2
2050,PRK,1996,Silver,1
2051,PRK,2000,Bronze,3
2052,PRK,2000,Silver,1
2053,PRK,2004,Bronze,1
2054,PRK,2004,Silver,4
2055,PRK,2008,Bronze,1
2056,PRK,2008,Gold,2
2057,PRK,2008,Silver,1
2058,PRK,2012,Bronze,2
2059,PRK,2012,Gold,4
2060,PRK,2016,Bronze,2
2061,PRK,2016,Gold,2
2062,PRK,2016,Silver,3
2063,PUR,1948,Bronze,1
2064,PUR,1976,Bronze,1
2065,PUR,1984,Bronze,1
2066,PUR,1984,Silver,1
2067,PUR,1992,Bronze,1
2068,PUR,1996,Bronze,1
2069,PUR,2012,Bronze,1
2070,PUR,2012,Silver,1
2071,PUR,2016,Gold,1
2072,QAT,1992,Bronze,1
2073,QAT,2000,Bronze,1
2074,QAT,2012,Bronze,2
2075,QAT,2016,Silver,1
2076,ROU,1924,Bronze,1
2077,ROU,1936,Silver,1
2078,ROU,1952,Bronze,2
2079,ROU,1952,Gold,1
2080,ROU,1952,Silver,1
2081,ROU,1956,Bronze,5
2082,ROU,1956,Gold,5
2083,ROU,1956,Silver,3
2084,ROU,1960,Bronze,5
2085,ROU,1960,Gold,3
2086,ROU,1960,Silver,1
2087,ROU,1964,Bronze,6
2088,ROU,1964,Gold,2
2089,ROU,1964,Silver,4
2090,ROU,1968,Bronze,5
2091,ROU,1968,Gold,4
2092,ROU,1968,Silver,6
2093,ROU,1972,Bronze,7
2094,ROU,1972,Gold,3
2095,ROU,1972,Silver,6
2096,ROU,1976,Bronze,12
2097,ROU,1976,Gold,4
2098,ROU,1976,Silver,9
2099,ROU,1980,Bronze,10
2100,ROU,1980,Gold,6
2101,ROU,1980,Silver,6
2102,ROU,1984,Bronze,17
2103,ROU,1984,Gold,19
2104,ROU,1984,Silver,16
2105,ROU,1988,Bronze,4
2106,ROU,1988,Gold,7
2107,ROU,1988,Silver,11
2108,ROU,1992,Bronze,8
2109,ROU,1992,Gold,4
2110,ROU,1992,Silver,6
2111,ROU,1996,Bronze,6
2112,ROU,1996,Gold,4
2113,ROU,1996,Silver,7
2114,ROU,2000,Bronze,6
2115,ROU,2000,Gold,11
2116,ROU,2000,Silver,6
2117,ROU,2004,Bronze,5
2118,ROU,2004,Gold,8
2119,ROU,2004,Silver,5
2120,ROU,2008,Bronze,3
2121,ROU,2008,Gold,4
2122,ROU,2008,Silver,1
2123,ROU,2012,Bronze,2
2124,ROU,2012,Gold,2
2125,ROU,2012,Silver,5
2126,ROU,2016,Bronze,1
2127,ROU,2016,Gold,1
2128,ROU,2016,Silver,1
2129,RSA,1908,Gold,1
2130,RSA,1908,Silver,1
2131,RSA,1912,Gold,4
2132,RSA,1912,Silver,2
2133,RSA,1920,Bronze,3
2134,RSA,1920,Gold,3
2135,RSA,1920,Silver,4
2136,RSA,1924,Bronze,1
2137,RSA,1924,Gold,1
2138,RSA,1924,Silver,1
2139,RSA,1928,Bronze,2
2140,RSA,1928,Gold,1
2141,RSA,1932,Bronze,3
2142,RSA,1932,Gold,2
2143,RSA,1936,Silver,1
2144,RSA,1948,Bronze,2
2145,RSA,1948,Gold,2
2146,RSA,1948,Silver,2
2147,RSA,1952,Bronze,2
2148,RSA,1952,Gold,2
2149,RSA,1952,Silver,4
2150,RSA,1956,Bronze,3
2151,RSA,1960,Bronze,1
2152,RSA,1960,Silver,1
2153,RSA,1992,Silver,2
2154,RSA,1996,Bronze,1
2155,RSA,1996,Gold,3
2156,RSA,1996,Silver,1
2157,RSA,2000,Bronze,3
2158,RSA,2000,Silver,2
2159,RSA,2004,Bronze,2
2160,RSA,2004,Gold,1
2161,RSA,2004,Silver,3
2162,RSA,2008,Silver,1
2163,RSA,2012,Bronze,1
2164,RSA,2012,Gold,3
2165,RSA,2012,Silver,1
2166,RSA,2016,Bronze,2
2167,RSA,2016,Gold,2
2168,RSA,2016,Silver,5
2169,RUS,1908,Gold,1
2170,RUS,1908,Silver,2
2171,RUS,1912,Bronze,2
2172,RUS,1912,Silver,2
2173,RUS,1996,Bronze,12
2174,RUS,1996,Gold,26
2175,RUS,1996,Silver,21
2176,RUS,2000,Bronze,27
2177,RUS,2000,Gold,32
2178,RUS,2000,Silver,28
2179,RUS,2004,Bronze,33
2180,RUS,2004,Gold,28
2181,RUS,2004,Silver,26
2182,RUS,2008,Bronze,26
2183,RUS,2008,Gold,23
2184,RUS,2008,Silver,21
2185,RUS,2012,Bronze,27
2186,RUS,2012,Gold,24
2187,RUS,2012,Silver,26
2188,RUS,2016,Bronze,19
2189,RUS,2016,Gold,19
2190,RUS,2016,Silver,17
2191,SCG,1996,Bronze,2
2192,SCG,1996,Gold,1
2193,SCG,1996,Silver,1
2194,SCG,2000,Bronze,1
2195,SCG,2000,Gold,1
2196,SCG,2000,Silver,1
2197,SCG,2004,Silver,2
2198,SEN,1988,Silver,1
2199,SGP,1960,Silver,1
2200,SGP,2008,Silver,1
2201,SGP,2012,Bronze,2
2202,SGP,2016,Gold,1
2203,SLO,1992,Bronze,2
2204,SLO,1996,Silver,2
2205,SLO,2000,Gold,2
2206,SLO,2004,Bronze,2
2207,SLO,2004,Silver,1
2208,SLO,2008,Bronze,1
2209,SLO,2008,Gold,1
2210,SLO,2008,Silver,2
2211,SLO,2012,Bronze,2
2212,SLO,2012,Gold,1
2213,SLO,2012,Silver,1
2214,SLO,2016,Gold,1
2215,SLO,2016,Silver,2
2216,SRB,2008,Bronze,2
2217,SRB,2008,Silver,1
2218,SRB,2012,Bronze,2
2219,SRB,2012,Gold,1
2220,SRB,2012,Silver,1
2221,SRB,2016,Bronze,2
2222,SRB,2016,Gold,2
2223,SRB,2016,Silver,4
2224,SRI,1948,Silver,1
2225,SRI,2000,Silver,1
2226,SUD,2008,Silver,1
2227,SUI,1896,Gold,1
2228,SUI,1896,Silver,2
2229,SUI,1900,Bronze,1
2230,SUI,1900,Gold,6
2231,SUI,1900,Silver,1
2232,SUI,1904,Bronze,2
2233,SUI,1904,Gold,1
2234,SUI,1906,Bronze,1
2235,SUI,1906,Gold,4
2236,SUI,1906,Silver,3
2237,SUI,1912,Gold,1
2238,SUI,1920,Bronze,7
2239,SUI,1920,Gold,2
2240,SUI,1920,Silver,2
2241,SUI,1924,Bronze,10
2242,SUI,1924,Gold,7
2243,SUI,1924,Silver,8
2244,SUI,1928,Bronze,4
2245,SUI,1928,Gold,7
2246,SUI,1928,Silver,6
2247,SUI,1932,Silver,1
2248,SUI,1936,Bronze,4
2249,SUI,1936,Gold,4
2250,SUI,1936,Silver,9
2251,SUI,1948,Bronze,5
2252,SUI,1948,Gold,5
2253,SUI,1948,Silver,12
2254,SUI,1952,Bronze,6
2255,SUI,1952,Gold,2
2256,SUI,1952,Silver,5
2257,SUI,1956,Bronze,1
2258,SUI,1960,Bronze,3
2259,SUI,1960,Silver,3
2260,SUI,1964,Bronze,1
2261,SUI,1964,Gold,1
2262,SUI,1964,Silver,2
2263,SUI,1968,Bronze,4
2264,SUI,1968,Silver,1
2265,SUI,1972,Silver,3
2266,SUI,1976,Bronze,2
2267,SUI,1976,Gold,1
2268,SUI,1976,Silver,1
2269,SUI,1980,Gold,2
2270,SUI,1984,Bronze,4
2271,SUI,1984,Silver,4
2272,SUI,1988,Bronze,2
2273,SUI,1988,Silver,2
2274,SUI,1992,Gold,1
2275,SUI,1996,Gold,4
2276,SUI,1996,Silver,3
2277,SUI,2000,Bronze,2
2278,SUI,2000,Gold,1
2279,SUI,2000,Silver,6
2280,SUI,2004,Bronze,3
2281,SUI,2004,Gold,1
2282,SUI,2004,Silver,1
2283,SUI,2008,Bronze,4
2284,SUI,2008,Gold,2
2285,SUI,2008,Silver,1
2286,SUI,2012,Gold,2
2287,SUI,2012,Silver,2
2288,SUI,2016,Bronze,2
2289,SUI,2016,Gold,3
2290,SUI,2016,Silver,2
2291,SUR,1988,Gold,1
2292,SUR,1992,Bronze,1
2293,SVK,1996,Bronze,1
2294,SVK,1996,Gold,1
2295,SVK,1996,Silver,1
2296,SVK,2000,Bronze,1
2297,SVK,2000,Gold,1
2298,SVK,2000,Silver,3
2299,SVK,2004,Bronze,2
2300,SVK,2004,Gold,2
2301,SVK,2004,Silver,2
2302,SVK,2008,Bronze,1
2303,SVK,2008,Gold,3
2304,SVK,2008,Silver,2
2305,SVK,2012,Bronze,3
2306,SVK,2012,Silver,1
2307,SVK,2016,Gold,2
2308,SVK,2016,Silver,2
2309,SWE,1900,Bronze,1
2310,SWE,1906,Bronze,7
2311,SWE,1906,Gold,2
2312,SWE,1906,Silver,5
2313,SWE,1908,Bronze,10
2314,SWE,1908,Gold,8
2315,SWE,1908,Silver,6
2316,SWE,1912,Bronze,16
2317,SWE,1912,Gold,23
2318,SWE,1912,Silver,24
2319,SWE,1920,Bronze,24
2320,SWE,1920,Gold,19
2321,SWE,1920,Silver,20
2322,SWE,1924,Bronze,12
2323,SWE,1924,Gold,4
2324,SWE,1924,Silver,13
2325,SWE,1928,Bronze,12
2326,SWE,1928,Gold,7
2327,SWE,1928,Silver,6
2328,SWE,1932,Bronze,9
2329,SWE,1932,Gold,10
2330,SWE,1932,Silver,5
2331,SWE,1936,Bronze,10
2332,SWE,1936,Gold,6
2333,SWE,1936,Silver,5
2334,SWE,1948,Bronze,18
2335,SWE,1948,Gold,17
2336,SWE,1948,Silver,11
2337,SWE,1952,Bronze,9
2338,SWE,1952,Gold,12
2339,SWE,1952,Silver,13
2340,SWE,1956,Bronze,6
2341,SWE,1956,Gold,8
2342,SWE,1956,Silver,4
2343,SWE,1960,Bronze,3
2344,SWE,1960,Gold,1
2345,SWE,1960,Silver,2
2346,SWE,1964,Bronze,4
2347,SWE,1964,Gold,2
2348,SWE,1964,Silver,2
2349,SWE,1968,Bronze,1
2350,SWE,1968,Gold,2
2351,SWE,1968,Silver,1
2352,SWE,1972,Bronze,5
2353,SWE,1972,Gold,4
2354,SWE,1972,Silver,4
2355,SWE,1976,Gold,4
2356,SWE,1976,Silver,1
2357,SWE,1980,Bronze,6
2358,SWE,1980,Gold,3
2359,SWE,1980,Silver,3
2360,SWE,1984,Bronze,6
2361,SWE,1984,Gold,2
2362,SWE,1984,Silver,11
2363,SWE,1988,Bronze,5
2364,SWE,1988,Silver,4
2365,SWE,1992,Bronze,4
2366,SWE,1992,Gold,1
2367,SWE,1992,Silver,7
2368,SWE,1996,Bronze,2
2369,SWE,1996,Gold,2
2370,SWE,1996,Silver,4
2371,SWE,2000,Bronze,3
2372,SWE,2000,Gold,4
2373,SWE,2000,Silver,5
2374,SWE,2004,Bronze,1
2375,SWE,2004,Gold,4
2376,SWE,2004,Silver,2
2377,SWE,2008,Bronze,1
2378,SWE,2008,Silver,4
2379,SWE,2012,Bronze,2
2380,SWE,2012,Gold,1
2381,SWE,2012,Silver,4
2382,SWE,2016,Bronze,3
2383,SWE,2016,Gold,2
2384,SWE,2016,Silver,6
2385,SYR,1984,Silver,1
2386,SYR,1996,Gold,1
2387,SYR,2004,Bronze,1
2388,TAN,1980,Silver,2
2389,TCH,1920,Bronze,2
2390,TCH,1924,Bronze,4
2391,TCH,1924,Gold,1
2392,TCH,1924,Silver,4
2393,TCH,1928,Bronze,2
2394,TCH,1928,Gold,2
2395,TCH,1928,Silver,5
2396,TCH,1932,Bronze,2
2397,TCH,1932,Gold,1
2398,TCH,1932,Silver,3
2399,TCH,1936,Bronze,1
2400,TCH,1936,Gold,3
2401,TCH,1936,Silver,5
2402,TCH,1948,Bronze,2
2403,TCH,1948,Gold,6
2404,TCH,1948,Silver,2
2405,TCH,1952,Bronze,3
2406,TCH,1952,Gold,7
2407,TCH,1952,Silver,3
2408,TCH,1956,Bronze,1
2409,TCH,1956,Gold,1
2410,TCH,1956,Silver,4
2411,TCH,1960,Bronze,3
2412,TCH,1960,Gold,3
2413,TCH,1960,Silver,2
2414,TCH,1964,Bronze,3
2415,TCH,1964,Gold,5
2416,TCH,1964,Silver,6
2417,TCH,1968,Bronze,4
2418,TCH,1968,Gold,7
2419,TCH,1968,Silver,2
2420,TCH,1972,Bronze,2
2421,TCH,1972,Gold,2
2422,TCH,1972,Silver,4
2423,TCH,1976,Bronze,4
2424,TCH,1976,Gold,2
2425,TCH,1976,Silver,2
2426,TCH,1980,Bronze,9
2427,TCH,1980,Gold,2
2428,TCH,1980,Silver,3
2429,TCH,1988,Bronze,1
2430,TCH,1988,Gold,3
2431,TCH,1988,Silver,3
2432,TCH,1992,Bronze,1
2433,TCH,1992,Gold,4
2434,TCH,1992,Silver,2
2435,TGA,1996,Silver,1
2436,THA,1984,Silver,1
2437,THA,1996,Bronze,1
2438,THA,1996,Gold,1
2439,THA,2000,Bronze,1
2440,THA,2000,Gold,1
2441,THA,2004,Bronze,3
2442,THA,2004,Gold,3
2443,THA,2004,Silver,1
2444,THA,2008,Gold,2
2445,THA,2008,Silver,2
2446,THA,2012,Bronze,1
2447,THA,2012,Silver,2
2448,THA,2016,Bronze,1
2449,THA,2016,Gold,2
2450,THA,2016,Silver,2
2451,TJK,2008,Bronze,1
2452,TJK,2008,Silver,1
2453,TJK,2016,Gold,1
2454,TOG,2008,Bronze,1
2455,TPE,1960,Silver,1
2456,TPE,1968,Bronze,1
2457,TPE,1984,Bronze,1
2458,TPE,1992,Silver,1
2459,TPE,1996,Silver,1
2460,TPE,2000,Bronze,4
2461,TPE,2000,Silver,1
2462,TPE,2004,Bronze,1
2463,TPE,2004,Gold,2
2464,TPE,2004,Silver,2
2465,TPE,2008,Bronze,4
2466,TPE,2012,Silver,1
2467,TPE,2016,Bronze,2
2468,TPE,2016,Gold,1
2469,TTO,1948,Silver,1
2470,TTO,1952,Bronze,2
2471,TTO,1964,Bronze,2
2472,TTO,1964,Silver,1
2473,TTO,1976,Gold,1
2474,TTO,1996,Bronze,2
2475,TTO,2000,Bronze,1
2476,TTO,2000,Silver,1
2477,TTO,2004,Bronze,1
2478,TTO,2008,Gold,1
2479,TTO,2008,Silver,1
2480,TTO,2012,Bronze,2
2481,TTO,2012,Gold,1
2482,TTO,2012,Silver,1
2483,TTO,2016,Bronze,1
2484,TUN,1964,Silver,1
2485,TUN,1968,Bronze,1
2486,TUN,1968,Gold,1
2487,TUN,1972,Silver,1
2488,TUN,1996,Bronze,1
2489,TUN,2008,Gold,1
2490,TUN,2012,Bronze,1
2491,TUN,2012,Gold,1
2492,TUN,2012,Silver,1
2493,TUN,2016,Bronze,2
2494,TUR,1936,Bronze,1
2495,TUR,1936,Gold,1
2496,TUR,1948,Bronze,2
2497,TUR,1948,Gold,6
2498,TUR,1948,Silver,4
2499,TUR,1952,Bronze,1
2500,TUR,1952,Gold,2
2501,TUR,1956,Bronze,2
2502,TUR,1956,Gold,3
2503,TUR,1956,Silver,2
2504,TUR,1960,Gold,7
2505,TUR,1960,Silver,2
2506,TUR,1964,Bronze,1
2507,TUR,1964,Gold,2
2508,TUR,1964,Silver,3
2509,TUR,1968,Gold,2
2510,TUR,1972,Silver,1
2511,TUR,1984,Bronze,2
2512,TUR,1988,Gold,1
2513,TUR,1988,Silver,1
2514,TUR,1992,Bronze,1
2515,TUR,1992,Gold,2
2516,TUR,1992,Silver,2
2517,TUR,1996,Bronze,1
2518,TUR,1996,Gold,4
2519,TUR,1996,Silver,1
2520,TUR,2000,Bronze,2
2521,TUR,2000,Gold,3
2522,TUR,2004,Bronze,5
2523,TUR,2004,Gold,3
2524,TUR,2004,Silver,3
2525,TUR,2008,Bronze,1
2526,TUR,2008,Gold,1
2527,TUR,2008,Silver,3
2528,TUR,2012,Gold,2
2529,TUR,2012,Silver,2
2530,TUR,2016,Bronze,3
2531,TUR,2016,Gold,1
2532,TUR,2016,Silver,3
2533,UAE,2004,Gold,1
2534,UAR,1960,Bronze,1
2535,UAR,1960,Silver,1
2536,UGA,1968,Silver,1
2537,UGA,1972,Gold,1
2538,UGA,1972,Silver,1
2539,UGA,1980,Silver,1
2540,UGA,1996,Bronze,1
2541,UGA,2012,Gold,1
2542,UKR,1996,Bronze,12
2543,UKR,1996,Gold,9
2544,UKR,1996,Silver,2
2545,UKR,2000,Bronze,9
2546,UKR,2000,Gold,3
2547,UKR,2000,Silver,10
2548,UKR,2004,Bronze,9
2549,UKR,2004,Gold,8
2550,UKR,2004,Silver,5
2551,UKR,2008,Bronze,13
2552,UKR,2008,Gold,7
2553,UKR,2008,Silver,5
2554,UKR,2012,Bronze,8
2555,UKR,2012,Gold,6
2556,UKR,2012,Silver,5
2557,UKR,2016,Bronze,4
2558,UKR,2016,Gold,2
2559,UKR,2016,Silver,5
2560,URS,1952,Bronze,16
2561,URS,1952,Gold,22
2562,URS,1952,Silver,29
2563,URS,1956,Bronze,29
2564,URS,1956,Gold,35
2565,URS,1956,Silver,26
2566,URS,1960,Bronze,30
2567,URS,1960,Gold,41
2568,URS,1960,Silver,29
2569,URS,1964,Bronze,31
2570,URS,1964,Gold,30
2571,URS,1964,Silver,29
2572,URS,1968,Bronze,29
2573,URS,1968,Gold,27
2574,URS,1968,Silver,32
2575,URS,1972,Bronze,20
2576,URS,1972,Gold,49
2577,URS,1972,Silver,27
2578,URS,1976,Bronze,31
2579,URS,1976,Gold,49
2580,URS,1976,Silver,40
2581,URS,1980,Bronze,43
2582,URS,1980,Gold,79
2583,URS,1980,Silver,68
2584,URS,1988,Bronze,41
2585,URS,1988,Gold,53
2586,URS,1988,Silver,31
2587,URU,1924,Gold,1
2588,URU,1928,Gold,1
2589,URU,1932,Bronze,1
2590,URU,1948,Bronze,1
2591,URU,1948,Silver,1
2592,URU,1952,Bronze,2
2593,URU,1956,Bronze,1
2594,URU,2000,Silver,1
2595,USA,1896,Bronze,2
2596,USA,1896,Gold,11
2597,USA,1896,Silver,6
2598,USA,1900,Bronze,14
2599,USA,1900,Gold,19
2600,USA,1900,Silver,15
2601,USA,1904,Bronze,75
2602,USA,1904,Gold,75
2603,USA,1904,Silver,78
2604,USA,1906,Bronze,5
2605,USA,1906,Gold,12
2606,USA,1906,Silver,4
2607,USA,1908,Bronze,11
2608,USA,1908,Gold,22
2609,USA,1908,Silver,12
2610,USA,1912,Bronze,18
2611,USA,1912,Gold,25
2612,USA,1912,Silver,18
2613,USA,1920,Bronze,27
2614,USA,1920,Gold,41
2615,USA,1920,Silver,27
2616,USA,1924,Bronze,27
2617,USA,1924,Gold,45
2618,USA,1924,Silver,27
2619,USA,1928,Bronze,16
2620,USA,1928,Gold,22
2621,USA,1928,Silver,18
2622,USA,1932,Bronze,30
2623,USA,1932,Gold,44
2624,USA,1932,Silver,36
2625,USA,1936,Bronze,12
2626,USA,1936,Gold,24
2627,USA,1936,Silver,21
2628,USA,1948,Bronze,18
2629,USA,1948,Gold,37
2630,USA,1948,Silver,27
2631,USA,1952,Bronze,17
2632,USA,1952,Gold,40
2633,USA,1952,Silver,19
2634,USA,1956,Bronze,17
2635,USA,1956,Gold,32
2636,USA,1956,Silver,25
2637,USA,1960,Bronze,16
2638,USA,1960,Gold,34
2639,USA,1960,Silver,21
2640,USA,1964,Bronze,28
2641,USA,1964,Gold,36
2642,USA,1964,Silver,26
2643,USA,1968,Bronze,33
2644,USA,1968,Gold,45
2645,USA,1968,Silver,28
2646,USA,1972,Bronze,28
2647,USA,1972,Gold,33
2648,USA,1972,Silver,31
2649,USA,1976,Bronze,24
2650,USA,1976,Gold,34
2651,USA,1976,Silver,35
2652,USA,1984,Bronze,28
2653,USA,1984,Gold,80
2654,USA,1984,Silver,61
2655,USA,1988,Bronze,24
2656,USA,1988,Gold,36
2657,USA,1988,Silver,31
2658,USA,1992,Bronze,36
2659,USA,1992,Gold,37
2660,USA,1992,Silver,33
2661,USA,1996,Bronze,22
2662,USA,1996,Gold,44
2663,USA,1996,Silver,31
2664,USA,2000,Bronze,30
2665,USA,2000,Gold,36
2666,USA,2000,Silver,24
2667,USA,2004,Bronze,25
2668,USA,2004,Gold,36
2669,USA,2004,Silver,39
2670,USA,2008,Bronze,31
2671,USA,2008,Gold,36
2672,USA,2008,Silver,39
2673,USA,2012,Bronze,27
2674,USA,2012,Gold,46
2675,USA,2012,Silver,28
2676,USA,2016,Bronze,37
2677,USA,2016,Gold,46
2678,USA,2016,Silver,36
2679,UZB,1996,Silver,1
2680,UZB,2000,Bronze,1
2681,UZB,2000,Gold,1
2682,UZB,2000,Silver,1
2683,UZB,2004,Gold,2
2684,UZB,2004,Silver,1
2685,UZB,2008,Bronze,2
2686,UZB,2008,Gold,1
2687,UZB,2008,Silver,2
2688,UZB,2012,Bronze,1
2689,UZB,2012,Gold,1
2690,UZB,2016,Bronze,2
2691,UZB,2016,Gold,4
2692,UZB,2016,Silver,2
2693,VEN,1952,Bronze,1
2694,VEN,1960,Bronze,1
2695,VEN,1968,Gold,1
2696,VEN,1976,Silver,1
2697,VEN,1980,Silver,1
2698,VEN,1984,Bronze,2
2699,VEN,2004,Bronze,2
2700,VEN,2008,Bronze,1
2701,VEN,2012,Gold,1
2702,VEN,2016,Bronze,2
2703,VEN,2016,Silver,1
2704,VIE,2000,Silver,1
2705,VIE,2008,Silver,1
2706,VIE,2016,Gold,1
2707,VIE,2016,Silver,1
2708,WIF,1960,Bronze,2
2709,YUG,1924,Gold,2
2710,YUG,1928,Bronze,3
2711,YUG,1928,Gold,1
2712,YUG,1928,Silver,1
2713,YUG,1936,Silver,1
2714,YUG,1948,Silver,2
2715,YUG,1952,Gold,1
2716,YUG,1952,Silver,2
2717,YUG,1956,Silver,3
2718,YUG,1960,Gold,1
2719,YUG,1960,Silver,1
2720,YUG,1964,Bronze,2
2721,YUG,1964,Gold,2
2722,YUG,1964,Silver,1
2723,YUG,1968,Bronze,1
2724,YUG,1968,Gold,3
2725,YUG,1968,Silver,3
2726,YUG,1972,Bronze,1
2727,YUG,1972,Gold,2
2728,YUG,1972,Silver,1
2729,YUG,1976,Bronze,3
2730,YUG,1976,Gold,2
2731,YUG,1976,Silver,3
2732,YUG,1980,Bronze,3
2733,YUG,1980,Gold,2
2734,YUG,1980,Silver,3
2735,YUG,1984,Bronze,6
2736,YUG,1984,Gold,7
2737,YUG,1984,Silver,4
2738,YUG,1988,Bronze,4
2739,YUG,1988,Gold,3
2740,YUG,1988,Silver,4
2741,ZAM,1996,Silver,1
2742,ZIM,1980,Gold,1
2743,ZIM,2004,Bronze,1
2744,ZIM,2004,Gold,1
2745,ZIM,2004,Silver,1
2746,ZIM,2008,Gold,1
2747,ZIM,2008,Silver,3
