Year,Nation,Total medals,Event number,Perf indicator,Total gold medals,Gold perf indicator,Period
1896,Australia,3,43,0.02,2,0.05,Before 1981
1896,Austria,5,43,0.04,2,0.05,Before 1981
1896,Denmark,6,43,0.05,1,0.02,Before 1981
1896,France,11,43,0.09,5,0.12,Before 1981
1896,Germany,13,43,0.1,6,0.14,Before 1981
1896,Greece,44,43,0.34,10,0.23,Before 1981
1896,Hungary,4,43,0.03,2,0.05,Before 1981
1896,Switzerland,3,43,0.02,1,0.02,Before 1981
1896,UK,8,43,0.06,3,0.07,Before 1981
1896,USA,19,43,0.15,11,0.26,Before 1981
1900,Australia,5,89,0.02,2,0.02,Before 1981
1900,Austria,6,89,0.02,,,Before 1981
1900,Belgium,17,89,0.06,6,0.07,Before 1981
1900,Canada,2,89,0.01,1,0.01,Before 1981
1900,Cuba,2,89,0.01,1,0.01,Before 1981
1900,Czech Republic,1,89,0.0,,,Before 1981
1900,Denmark,6,89,0.02,2,0.02,Before 1981
1900,France,95,89,0.36,28,0.31,Before 1981
1900,Germany,6,89,0.02,2,0.02,Before 1981
1900,Hungary,5,89,0.02,1,0.01,Before 1981
1900,India,2,89,0.01,,,Before 1981
1900,Italy,4,89,0.01,2,0.02,Before 1981
1900,Luxembourg,1,89,0.0,1,0.01,Before 1981
1900,Netherlands,5,89,0.02,1,0.01,Before 1981
1900,Norway,5,89,0.02,,,Before 1981
1900,Spain,1,89,0.0,1,0.01,Before 1981
1900,Sweden,1,89,0.0,,,Before 1981
1900,Switzerland,8,89,0.03,6,0.07,Before 1981
1900,UK,35,89,0.13,16,0.18,Before 1981
1900,USA,48,89,0.18,19,0.21,Before 1981
1904,Australia,4,95,0.01,,,Before 1981
1904,Austria,3,95,0.01,1,0.01,Before 1981
1904,Canada,6,95,0.02,4,0.04,Before 1981
1904,Cuba,4,95,0.01,4,0.04,Before 1981
1904,France,2,95,0.01,,,Before 1981
1904,Germany,15,95,0.05,4,0.04,Before 1981
1904,Greece,2,95,0.01,1,0.01,Before 1981
1904,Hungary,4,95,0.01,2,0.02,Before 1981
1904,Norway,2,95,0.01,2,0.02,Before 1981
1904,Switzerland,3,95,0.01,1,0.01,Before 1981
1904,UK,2,95,0.01,1,0.01,Before 1981
1904,USA,228,95,0.8,75,0.79,Before 1981
1906,Australia,3,74,0.01,,,Before 1981
1906,Austria,9,74,0.04,3,0.04,Before 1981
1906,Belgium,7,74,0.03,2,0.03,Before 1981
1906,Canada,2,74,0.01,1,0.01,Before 1981
1906,Czech Republic,2,74,0.01,,,Before 1981
1906,Denmark,6,74,0.03,3,0.04,Before 1981
1906,Finland,4,74,0.02,2,0.03,Before 1981
1906,France,40,74,0.18,15,0.2,Before 1981
1906,Germany,13,74,0.06,4,0.05,Before 1981
1906,Greece,34,74,0.15,8,0.11,Before 1981
1906,Hungary,10,74,0.05,2,0.03,Before 1981
1906,Italy,16,74,0.07,7,0.09,Before 1981
1906,Netherlands,3,74,0.01,,,Before 1981
1906,Norway,2,74,0.01,1,0.01,Before 1981
1906,Sweden,14,74,0.06,2,0.03,Before 1981
1906,Switzerland,8,74,0.04,4,0.05,Before 1981
1906,UK,25,74,0.11,8,0.11,Before 1981
1906,USA,21,74,0.09,12,0.16,Before 1981
1908,Australia,5,109,0.02,1,0.01,Before 1981
1908,Austria,1,109,0.0,,,Before 1981
1908,Belgium,8,109,0.02,1,0.01,Before 1981
1908,Canada,15,109,0.05,3,0.03,Before 1981
1908,Czech Republic,2,109,0.01,,,Before 1981
1908,Denmark,5,109,0.02,,,Before 1981
1908,Finland,5,109,0.02,1,0.01,Before 1981
1908,France,19,109,0.06,5,0.05,Before 1981
1908,Germany,11,109,0.03,3,0.03,Before 1981
1908,Greece,2,109,0.01,,,Before 1981
1908,Hungary,8,109,0.02,3,0.03,Before 1981
1908,Italy,4,109,0.01,2,0.02,Before 1981
1908,Netherlands,1,109,0.0,,,Before 1981
1908,Norway,8,109,0.02,2,0.02,Before 1981
1908,Russia,3,109,0.01,1,0.01,Before 1981
1908,South Africa,2,109,0.01,1,0.01,Before 1981
1908,Sweden,24,109,0.07,8,0.07,Before 1981
1908,UK,141,109,0.43,56,0.51,Before 1981
1908,USA,45,109,0.14,22,0.2,Before 1981
1912,Australia,7,106,0.02,2,0.02,Before 1981
1912,Austria,4,106,0.01,,,Before 1981
1912,Belgium,6,106,0.02,2,0.02,Before 1981
1912,Canada,8,106,0.03,3,0.03,Before 1981
1912,Denmark,12,106,0.04,1,0.01,Before 1981
1912,Finland,25,106,0.08,9,0.08,Before 1981
1912,France,15,106,0.05,7,0.07,Before 1981
1912,Germany,26,106,0.08,6,0.06,Before 1981
1912,Greece,2,106,0.01,1,0.01,Before 1981
1912,Hungary,8,106,0.03,3,0.03,Before 1981
1912,Italy,8,106,0.03,5,0.05,Before 1981
1912,Netherlands,3,106,0.01,,,Before 1981
1912,Norway,9,106,0.03,4,0.04,Before 1981
1912,Russia,4,106,0.01,,,Before 1981
1912,South Africa,6,106,0.02,4,0.04,Before 1981
1912,Sweden,63,106,0.2,23,0.22,Before 1981
1912,Switzerland,1,106,0.0,1,0.01,Before 1981
1912,UK,41,106,0.13,10,0.09,Before 1981
1912,USA,61,106,0.19,25,0.24,Before 1981
1920,Australia,3,154,0.01,,,Before 1981
1920,Belgium,40,154,0.09,15,0.1,Before 1981
1920,Brazil,3,154,0.01,1,0.01,Before 1981
1920,Canada,9,154,0.02,3,0.02,Before 1981
1920,Czech Republic,2,154,0.0,,,Before 1981
1920,Denmark,13,154,0.03,3,0.02,Before 1981
1920,Estonia,3,154,0.01,1,0.01,Before 1981
1920,Finland,34,154,0.07,15,0.1,Before 1981
1920,France,42,154,0.09,9,0.06,Before 1981
1920,Greece,1,154,0.0,,,Before 1981
1920,Italy,25,154,0.05,14,0.09,Before 1981
1920,Japan,2,154,0.0,,,Before 1981
1920,Luxembourg,1,154,0.0,,,Before 1981
1920,Netherlands,11,154,0.02,4,0.03,Before 1981
1920,New Zealand,1,154,0.0,,,Before 1981
1920,Norway,29,154,0.06,10,0.06,Before 1981
1920,South Africa,10,154,0.02,3,0.02,Before 1981
1920,Spain,2,154,0.0,,,Before 1981
1920,Sweden,63,154,0.14,19,0.12,Before 1981
1920,Switzerland,11,154,0.02,2,0.01,Before 1981
1920,UK,43,154,0.09,14,0.09,Before 1981
1920,USA,95,154,0.21,41,0.27,Before 1981
1924,Argentina,6,129,0.02,1,0.01,Before 1981
1924,Australia,6,129,0.02,3,0.02,Before 1981
1924,Austria,4,129,0.01,,,Before 1981
1924,Belgium,13,129,0.03,3,0.02,Before 1981
1924,Canada,4,129,0.01,,,Before 1981
1924,Czech Republic,9,129,0.02,1,0.01,Before 1981
1924,Denmark,11,129,0.03,2,0.02,Before 1981
1924,Estonia,6,129,0.02,1,0.01,Before 1981
1924,Finland,37,129,0.1,14,0.11,Before 1981
1924,France,38,129,0.1,14,0.11,Before 1981
1924,Greece,1,129,0.0,1,0.01,Before 1981
1924,Haiti,1,129,0.0,,,Before 1981
1924,Hungary,10,129,0.03,2,0.02,Before 1981
1924,Ireland,2,129,0.01,,,Before 1981
1924,Italy,16,129,0.04,8,0.06,Before 1981
1924,Japan,1,129,0.0,,,Before 1981
1924,Luxembourg,2,129,0.01,1,0.01,Before 1981
1924,Monaco,1,129,0.0,,,Before 1981
1924,Netherlands,11,129,0.03,4,0.03,Before 1981
1924,New Zealand,1,129,0.0,,,Before 1981
1924,Norway,10,129,0.03,5,0.04,Before 1981
1924,Poland,2,129,0.01,,,Before 1981
1924,Portugal,1,129,0.0,,,Before 1981
1924,Romania,1,129,0.0,,,Before 1981
1924,Serbia,2,129,0.01,2,0.02,Before 1981
1924,South Africa,3,129,0.01,1,0.01,Before 1981
1924,Sweden,29,129,0.07,4,0.03,Before 1981
1924,Switzerland,25,129,0.06,7,0.05,Before 1981
1924,UK,34,129,0.09,9,0.07,Before 1981
1924,USA,99,129,0.26,45,0.35,Before 1981
1924,Uruguay,1,129,0.0,1,0.01,Before 1981
1928,Argentina,7,118,0.02,3,0.03,Before 1981
1928,Australia,4,118,0.01,1,0.01,Before 1981
1928,Austria,4,118,0.01,3,0.03,Before 1981
1928,Belgium,3,118,0.01,,,Before 1981
1928,Canada,15,118,0.04,4,0.03,Before 1981
1928,Chile,1,118,0.0,,,Before 1981
1928,Czech Republic,9,118,0.03,2,0.02,Before 1981
1928,Denmark,9,118,0.03,3,0.03,Before 1981
1928,Egypt,4,118,0.01,2,0.02,Before 1981
1928,Estonia,5,118,0.01,2,0.02,Before 1981
1928,Finland,25,118,0.07,8,0.07,Before 1981
1928,France,25,118,0.07,7,0.06,Before 1981
1928,Germany,38,118,0.11,10,0.08,Before 1981
1928,Haiti,1,118,0.0,,,Before 1981
1928,Hungary,10,118,0.03,5,0.04,Before 1981
1928,India,1,118,0.0,1,0.01,Before 1981
1928,Ireland,1,118,0.0,1,0.01,Before 1981
1928,Italy,20,118,0.06,7,0.06,Before 1981
1928,Japan,5,118,0.01,2,0.02,Before 1981
1928,Luxembourg,1,118,0.0,1,0.01,Before 1981
1928,Netherlands,23,118,0.06,8,0.07,Before 1981
1928,New Zealand,1,118,0.0,1,0.01,Before 1981
1928,Norway,4,118,0.01,1,0.01,Before 1981
1928,Philippines,1,118,0.0,,,Before 1981
1928,Poland,7,118,0.02,2,0.02,Before 1981
1928,Portugal,1,118,0.0,,,Before 1981
1928,Serbia,5,118,0.01,1,0.01,Before 1981
1928,South Africa,3,118,0.01,1,0.01,Before 1981
1928,Spain,1,118,0.0,1,0.01,Before 1981
1928,Sweden,25,118,0.07,7,0.06,Before 1981
1928,Switzerland,17,118,0.05,7,0.06,Before 1981
1928,UK,22,118,0.06,4,0.03,Before 1981
1928,USA,56,118,0.16,22,0.19,Before 1981
1928,Uruguay,1,118,0.0,1,0.01,Before 1981
1932,Argentina,4,125,0.01,3,0.02,Before 1981
1932,Australia,5,125,0.01,3,0.02,Before 1981
1932,Austria,5,125,0.01,1,0.01,Before 1981
1932,Belgium,1,125,0.0,,,Before 1981
1932,Canada,16,125,0.04,2,0.02,Before 1981
1932,Czech Republic,6,125,0.02,1,0.01,Before 1981
1932,Denmark,8,125,0.02,,,Before 1981
1932,Finland,25,125,0.07,5,0.04,Before 1981
1932,France,20,125,0.05,11,0.09,Before 1981
1932,Germany,24,125,0.06,5,0.04,Before 1981
1932,Hungary,16,125,0.04,6,0.05,Before 1981
1932,India,1,125,0.0,1,0.01,Before 1981
1932,Ireland,2,125,0.01,2,0.02,Before 1981
1932,Italy,36,125,0.1,12,0.1,Before 1981
1932,Japan,18,125,0.05,7,0.06,Before 1981
1932,Latvia,1,125,0.0,,,Before 1981
1932,Mexico,2,125,0.01,,,Before 1981
1932,Netherlands,8,125,0.02,2,0.02,Before 1981
1932,New Zealand,1,125,0.0,,,Before 1981
1932,Philippines,3,125,0.01,,,Before 1981
1932,Poland,9,125,0.02,3,0.02,Before 1981
1932,South Africa,5,125,0.01,2,0.02,Before 1981
1932,Spain,1,125,0.0,,,Before 1981
1932,Sweden,24,125,0.06,10,0.08,Before 1981
1932,Switzerland,1,125,0.0,,,Before 1981
1932,UK,17,125,0.05,5,0.04,Before 1981
1932,USA,110,125,0.29,44,0.35,Before 1981
1932,Uruguay,1,125,0.0,,,Before 1981
1936,Argentina,7,140,0.02,2,0.01,Before 1981
1936,Australia,1,140,0.0,,,Before 1981
1936,Austria,17,140,0.04,5,0.04,Before 1981
1936,Belgium,3,140,0.01,,,Before 1981
1936,Canada,9,140,0.02,1,0.01,Before 1981
1936,Czech Republic,9,140,0.02,3,0.02,Before 1981
1936,Denmark,5,140,0.01,,,Before 1981
1936,Egypt,4,140,0.01,1,0.01,Before 1981
1936,Estonia,7,140,0.02,2,0.01,Before 1981
1936,Finland,20,140,0.05,8,0.06,Before 1981
1936,France,19,140,0.05,7,0.05,Before 1981
1936,Germany,101,140,0.24,38,0.27,Before 1981
1936,Hungary,16,140,0.04,10,0.07,Before 1981
1936,India,1,140,0.0,1,0.01,Before 1981
1936,Italy,27,140,0.06,9,0.06,Before 1981
1936,Japan,20,140,0.05,6,0.04,Before 1981
1936,Latvia,2,140,0.0,,,Before 1981
1936,Mexico,3,140,0.01,,,Before 1981
1936,Netherlands,17,140,0.04,6,0.04,Before 1981
1936,New Zealand,1,140,0.0,1,0.01,Before 1981
1936,Norway,6,140,0.01,1,0.01,Before 1981
1936,Philippines,1,140,0.0,,,Before 1981
1936,Poland,9,140,0.02,,,Before 1981
1936,Portugal,1,140,0.0,,,Before 1981
1936,Romania,1,140,0.0,,,Before 1981
1936,Serbia,1,140,0.0,,,Before 1981
1936,South Africa,1,140,0.0,,,Before 1981
1936,Sweden,21,140,0.05,6,0.04,Before 1981
1936,Switzerland,17,140,0.04,4,0.03,Before 1981
1936,Turkey,2,140,0.0,1,0.01,Before 1981
1936,UK,14,140,0.03,4,0.03,Before 1981
1936,USA,57,140,0.14,24,0.17,Before 1981
1948,Argentina,7,143,0.02,3,0.02,Before 1981
1948,Australia,13,143,0.03,2,0.01,Before 1981
1948,Austria,8,143,0.02,2,0.01,Before 1981
1948,Belgium,7,143,0.02,2,0.01,Before 1981
1948,Brazil,1,143,0.0,,,Before 1981
1948,Canada,4,143,0.01,,,Before 1981
1948,Czech Republic,10,143,0.02,6,0.04,Before 1981
1948,Denmark,22,143,0.05,5,0.03,Before 1981
1948,Egypt,5,143,0.01,2,0.01,Before 1981
1948,Finland,22,143,0.05,8,0.06,Before 1981
1948,France,32,143,0.07,11,0.08,Before 1981
1948,Hungary,27,143,0.06,10,0.07,Before 1981
1948,India,1,143,0.0,1,0.01,Before 1981
1948,Iran,1,143,0.0,,,Before 1981
1948,Ireland,1,143,0.0,,,Before 1981
1948,Italy,31,143,0.07,9,0.06,Before 1981
1948,Jamaica,3,143,0.01,1,0.01,Before 1981
1948,Mexico,5,143,0.01,2,0.01,Before 1981
1948,Netherlands,16,143,0.04,5,0.03,Before 1981
1948,Norway,7,143,0.02,1,0.01,Before 1981
1948,Panama,2,143,0.0,,,Before 1981
1948,Peru,1,143,0.0,1,0.01,Before 1981
1948,Poland,2,143,0.0,1,0.01,Before 1981
1948,Portugal,2,143,0.0,,,Before 1981
1948,Puerto Rico,1,143,0.0,,,Before 1981
1948,Serbia,2,143,0.0,,,Before 1981
1948,South Africa,6,143,0.01,2,0.01,Before 1981
1948,South Korea,2,143,0.0,,,Before 1981
1948,Spain,1,143,0.0,,,Before 1981
1948,Sri Lanka,1,143,0.0,,,Before 1981
1948,Sweden,46,143,0.11,17,0.12,Before 1981
1948,Switzerland,22,143,0.05,5,0.03,Before 1981
1948,Trinidad,1,143,0.0,,,Before 1981
1948,Turkey,12,143,0.03,6,0.04,Before 1981
1948,UK,27,143,0.06,4,0.03,Before 1981
1948,USA,82,143,0.19,37,0.26,Before 1981
1948,Uruguay,2,143,0.0,,,Before 1981
1952,Argentina,5,149,0.01,1,0.01,Before 1981
1952,Australia,11,149,0.02,6,0.04,Before 1981
1952,Austria,2,149,0.0,,,Before 1981
1952,Belgium,4,149,0.01,2,0.01,Before 1981
1952,Brazil,3,149,0.01,1,0.01,Before 1981
1952,Bulgaria,1,149,0.0,,,Before 1981
1952,Canada,3,149,0.01,1,0.01,Before 1981
1952,Chile,2,149,0.0,,,Before 1981
1952,Czech Republic,13,149,0.03,7,0.05,Before 1981
1952,Denmark,5,149,0.01,2,0.01,Before 1981
1952,Egypt,1,149,0.0,,,Before 1981
1952,Finland,20,149,0.04,6,0.04,Before 1981
1952,France,17,149,0.04,6,0.04,Before 1981
1952,Germany,24,149,0.05,,,Before 1981
1952,Hungary,42,149,0.09,16,0.11,Before 1981
1952,India,2,149,0.0,1,0.01,Before 1981
1952,Iran,7,149,0.02,,,Before 1981
1952,Ireland,1,149,0.0,,,Before 1981
1952,Italy,20,149,0.04,8,0.05,Before 1981
1952,Jamaica,5,149,0.01,2,0.01,Before 1981
1952,Japan,7,149,0.02,1,0.01,Before 1981
1952,Lebanon,2,149,0.0,,,Before 1981
1952,Luxembourg,1,149,0.0,1,0.01,Before 1981
1952,Mexico,1,149,0.0,,,Before 1981
1952,Netherlands,5,149,0.01,,,Before 1981
1952,New Zealand,3,149,0.01,1,0.01,Before 1981
1952,Norway,5,149,0.01,3,0.02,Before 1981
1952,Poland,4,149,0.01,1,0.01,Before 1981
1952,Portugal,1,149,0.0,,,Before 1981
1952,Romania,4,149,0.01,1,0.01,Before 1981
1952,Russia,67,149,0.15,22,0.15,Before 1981
1952,Serbia,3,149,0.01,1,0.01,Before 1981
1952,South Africa,8,149,0.02,2,0.01,Before 1981
1952,South Korea,2,149,0.0,,,Before 1981
1952,Spain,1,149,0.0,,,Before 1981
1952,Sweden,34,149,0.08,12,0.08,Before 1981
1952,Switzerland,13,149,0.03,2,0.01,Before 1981
1952,Trinidad,2,149,0.0,,,Before 1981
1952,Turkey,3,149,0.01,2,0.01,Before 1981
1952,UK,11,149,0.02,1,0.01,Before 1981
1952,USA,76,149,0.17,40,0.27,Before 1981
1952,Uruguay,2,149,0.0,,,Before 1981
1952,Venezuela,1,149,0.0,,,Before 1981
1956,Argentina,1,151,0.0,,,Before 1981
1956,Australia,34,151,0.08,13,0.09,Before 1981
1956,Austria,2,151,0.0,,,Before 1981
1956,Bahamas,1,151,0.0,,,Before 1981
1956,Belgium,2,151,0.0,,,Before 1981
1956,Brazil,1,151,0.0,1,0.01,Before 1981
1956,Bulgaria,5,151,0.01,1,0.01,Before 1981
1956,Canada,6,151,0.01,2,0.01,Before 1981
1956,Chile,4,151,0.01,,,Before 1981
1956,Czech Republic,6,151,0.01,1,0.01,Before 1981
1956,Denmark,4,151,0.01,1,0.01,Before 1981
1956,Finland,15,151,0.03,3,0.02,Before 1981
1956,France,13,151,0.03,4,0.03,Before 1981
1956,Germany,26,151,0.06,6,0.04,Before 1981
1956,Greece,1,151,0.0,,,Before 1981
1956,Hungary,25,151,0.06,9,0.06,Before 1981
1956,Iceland,1,151,0.0,,,Before 1981
1956,India,1,151,0.0,1,0.01,Before 1981
1956,Iran,5,151,0.01,2,0.01,Before 1981
1956,Ireland,4,151,0.01,1,0.01,Before 1981
1956,Italy,24,151,0.05,8,0.05,Before 1981
1956,Japan,17,151,0.04,4,0.03,Before 1981
1956,Mexico,2,151,0.0,1,0.01,Before 1981
1956,New Zealand,2,151,0.0,2,0.01,Before 1981
1956,Norway,3,151,0.01,1,0.01,Before 1981
1956,Pakistan,1,151,0.0,,,Before 1981
1956,Poland,6,151,0.01,1,0.01,Before 1981
1956,Romania,13,151,0.03,5,0.03,Before 1981
1956,Russia,90,151,0.2,35,0.23,Before 1981
1956,Serbia,3,151,0.01,,,Before 1981
1956,South Africa,3,151,0.01,,,Before 1981
1956,South Korea,2,151,0.0,,,Before 1981
1956,Sweden,18,151,0.04,8,0.05,Before 1981
1956,Switzerland,1,151,0.0,,,Before 1981
1956,Turkey,7,151,0.02,3,0.02,Before 1981
1956,UK,24,151,0.05,6,0.04,Before 1981
1956,USA,74,151,0.16,32,0.21,Before 1981
1956,Uruguay,1,151,0.0,,,Before 1981
1960,Argentina,2,150,0.0,,,Before 1981
1960,Australia,21,150,0.05,8,0.05,Before 1981
1960,Austria,2,150,0.0,1,0.01,Before 1981
1960,Belgium,4,150,0.01,,,Before 1981
1960,Brazil,2,150,0.0,,,Before 1981
1960,Bulgaria,7,150,0.02,1,0.01,Before 1981
1960,Canada,1,150,0.0,,,Before 1981
1960,Czech Republic,8,150,0.02,3,0.02,Before 1981
1960,Denmark,6,150,0.01,2,0.01,Before 1981
1960,Ethiopia,1,150,0.0,1,0.01,Before 1981
1960,Finland,5,150,0.01,1,0.01,Before 1981
1960,France,5,150,0.01,,,Before 1981
1960,Germany,41,150,0.09,12,0.08,Before 1981
1960,Ghana,1,150,0.0,,,Before 1981
1960,Greece,1,150,0.0,1,0.01,Before 1981
1960,Hungary,21,150,0.05,6,0.04,Before 1981
1960,India,1,150,0.0,,,Before 1981
1960,Iran,4,150,0.01,,,Before 1981
1960,Iraq,1,150,0.0,,,Before 1981
1960,Italy,35,150,0.08,13,0.09,Before 1981
1960,Japan,16,150,0.04,4,0.03,Before 1981
1960,Mexico,1,150,0.0,,,Before 1981
1960,Morocco,1,150,0.0,,,Before 1981
1960,Netherlands,3,150,0.01,,,Before 1981
1960,New Zealand,3,150,0.01,2,0.01,Before 1981
1960,Norway,1,150,0.0,1,0.01,Before 1981
1960,Pakistan,2,150,0.0,1,0.01,Before 1981
1960,Poland,20,150,0.04,4,0.03,Before 1981
1960,Portugal,1,150,0.0,,,Before 1981
1960,Romania,9,150,0.02,3,0.02,Before 1981
1960,Russia,100,150,0.22,41,0.27,Before 1981
1960,Serbia,2,150,0.0,1,0.01,Before 1981
1960,South Africa,2,150,0.0,,,Before 1981
1960,Spain,1,150,0.0,,,Before 1981
1960,Sweden,6,150,0.01,1,0.01,Before 1981
1960,Switzerland,6,150,0.01,,,Before 1981
1960,Syria,2,150,0.0,,,Before 1981
1960,Taiwan,1,150,0.0,,,Before 1981
1960,Trinidad,2,150,0.0,,,Before 1981
1960,Turkey,9,150,0.02,7,0.05,Before 1981
1960,UK,17,150,0.04,2,0.01,Before 1981
1960,USA,71,150,0.16,34,0.23,Before 1981
1960,Venezuela,1,150,0.0,,,Before 1981
1964,Argentina,1,163,0.0,,,Before 1981
1964,Australia,18,163,0.04,6,0.04,Before 1981
1964,Bahamas,1,163,0.0,1,0.01,Before 1981
1964,Belgium,3,163,0.01,2,0.01,Before 1981
1964,Brazil,1,163,0.0,,,Before 1981
1964,Bulgaria,10,163,0.02,3,0.02,Before 1981
1964,Canada,4,163,0.01,1,0.01,Before 1981
1964,Cuba,1,163,0.0,,,Before 1981
1964,Czech Republic,14,163,0.03,5,0.03,Before 1981
1964,Denmark,6,163,0.01,2,0.01,Before 1981
1964,Ethiopia,1,163,0.0,1,0.01,Before 1981
1964,Finland,4,163,0.01,3,0.02,Before 1981
1964,France,15,163,0.03,1,0.01,Before 1981
1964,Germany,47,163,0.1,10,0.06,Before 1981
1964,Ghana,1,163,0.0,,,Before 1981
1964,Hungary,22,163,0.04,10,0.06,Before 1981
1964,India,1,163,0.0,1,0.01,Before 1981
1964,Iran,2,163,0.0,,,Before 1981
1964,Italy,27,163,0.06,10,0.06,Before 1981
1964,Japan,28,163,0.06,16,0.1,Before 1981
1964,Kenya,1,163,0.0,,,Before 1981
1964,Mexico,1,163,0.0,,,Before 1981
1964,Netherlands,10,163,0.02,2,0.01,Before 1981
1964,New Zealand,5,163,0.01,3,0.02,Before 1981
1964,Pakistan,1,163,0.0,,,Before 1981
1964,Philippines,1,163,0.0,,,Before 1981
1964,Poland,21,163,0.04,7,0.04,Before 1981
1964,Romania,12,163,0.02,2,0.01,Before 1981
1964,Russia,90,163,0.18,30,0.18,Before 1981
1964,Serbia,5,163,0.01,2,0.01,Before 1981
1964,South Korea,2,163,0.0,,,Before 1981
1964,Sweden,8,163,0.02,2,0.01,Before 1981
1964,Switzerland,4,163,0.01,1,0.01,Before 1981
1964,Trinidad,3,163,0.01,,,Before 1981
1964,Tunisia,1,163,0.0,,,Before 1981
1964,Turkey,6,163,0.01,2,0.01,Before 1981
1964,UK,18,163,0.04,4,0.02,Before 1981
1964,USA,90,163,0.18,36,0.22,Before 1981
1968,Argentina,2,172,0.0,,,Before 1981
1968,Australia,17,172,0.03,5,0.03,Before 1981
1968,Austria,4,172,0.01,,,Before 1981
1968,Belgium,2,172,0.0,,,Before 1981
1968,Brazil,3,172,0.01,,,Before 1981
1968,Bulgaria,8,172,0.02,2,0.01,Before 1981
1968,Cameroon,1,172,0.0,,,Before 1981
1968,Canada,5,172,0.01,1,0.01,Before 1981
1968,Cuba,4,172,0.01,,,Before 1981
1968,Czech Republic,13,172,0.03,7,0.04,Before 1981
1968,Denmark,8,172,0.02,1,0.01,Before 1981
1968,Ethiopia,2,172,0.0,1,0.01,Before 1981
1968,Finland,4,172,0.01,1,0.01,Before 1981
1968,France,15,172,0.03,7,0.04,Before 1981
1968,Germany,50,172,0.1,14,0.08,Before 1981
1968,Greece,1,172,0.0,,,Before 1981
1968,Hungary,32,172,0.06,10,0.06,Before 1981
1968,India,1,172,0.0,,,Before 1981
1968,Iran,5,172,0.01,2,0.01,Before 1981
1968,Italy,16,172,0.03,3,0.02,Before 1981
1968,Jamaica,1,172,0.0,,,Before 1981
1968,Japan,24,172,0.05,11,0.06,Before 1981
1968,Kenya,8,172,0.02,3,0.02,Before 1981
1968,Mexico,7,172,0.01,3,0.02,Before 1981
1968,Mongolia,4,172,0.01,,,Before 1981
1968,Netherlands,7,172,0.01,3,0.02,Before 1981
1968,New Zealand,3,172,0.01,1,0.01,Before 1981
1968,Norway,2,172,0.0,1,0.01,Before 1981
1968,Pakistan,1,172,0.0,1,0.01,Before 1981
1968,Poland,17,172,0.03,5,0.03,Before 1981
1968,Romania,15,172,0.03,4,0.02,Before 1981
1968,Russia,88,172,0.17,27,0.16,Before 1981
1968,Serbia,7,172,0.01,3,0.02,Before 1981
1968,South Korea,2,172,0.0,,,Before 1981
1968,Sweden,4,172,0.01,2,0.01,Before 1981
1968,Switzerland,5,172,0.01,,,Before 1981
1968,Taiwan,1,172,0.0,,,Before 1981
1968,Tunisia,2,172,0.0,1,0.01,Before 1981
1968,Turkey,2,172,0.0,2,0.01,Before 1981
1968,UK,13,172,0.03,5,0.03,Before 1981
1968,USA,106,172,0.21,45,0.26,Before 1981
1968,Uganda,1,172,0.0,,,Before 1981
1968,Venezuela,1,172,0.0,1,0.01,Before 1981
1972,Argentina,1,193,0.0,,,Before 1981
1972,Australia,16,193,0.03,7,0.04,Before 1981
1972,Austria,3,193,0.01,,,Before 1981
1972,Belgium,2,193,0.0,,,Before 1981
1972,Brazil,1,193,0.0,,,Before 1981
1972,Bulgaria,21,193,0.04,6,0.03,Before 1981
1972,Canada,4,193,0.01,,,Before 1981
1972,Colombia,1,193,0.0,,,Before 1981
1972,Cuba,7,193,0.01,3,0.02,Before 1981
1972,Czech Republic,8,193,0.01,2,0.01,Before 1981
1972,Denmark,1,193,0.0,1,0.01,Before 1981
1972,Ethiopia,2,193,0.0,,,Before 1981
1972,Finland,8,193,0.01,3,0.02,Before 1981
1972,France,12,193,0.02,2,0.01,Before 1981
1972,Germany,102,193,0.18,33,0.17,Before 1981
1972,Ghana,1,193,0.0,,,Before 1981
1972,Greece,2,193,0.0,,,Before 1981
1972,Hungary,35,193,0.06,6,0.03,Before 1981
1972,India,1,193,0.0,,,Before 1981
1972,Iran,3,193,0.01,,,Before 1981
1972,Italy,18,193,0.03,5,0.03,Before 1981
1972,Jamaica,1,193,0.0,,,Before 1981
1972,Japan,29,193,0.05,13,0.07,Before 1981
1972,Kenya,9,193,0.02,2,0.01,Before 1981
1972,Lebanon,1,193,0.0,,,Before 1981
1972,Mexico,1,193,0.0,,,Before 1981
1972,Mongolia,1,193,0.0,,,Before 1981
1972,Netherlands,5,193,0.01,3,0.02,Before 1981
1972,New Zealand,3,193,0.01,1,0.01,Before 1981
1972,Niger,1,193,0.0,,,Before 1981
1972,North Korea,5,193,0.01,1,0.01,Before 1981
1972,Norway,4,193,0.01,2,0.01,Before 1981
1972,Pakistan,1,193,0.0,,,Before 1981
1972,Poland,21,193,0.04,7,0.04,Before 1981
1972,Romania,16,193,0.03,3,0.02,Before 1981
1972,Russia,96,193,0.17,49,0.25,Before 1981
1972,Serbia,4,193,0.01,2,0.01,Before 1981
1972,South Korea,1,193,0.0,,,Before 1981
1972,Sweden,13,193,0.02,4,0.02,Before 1981
1972,Switzerland,3,193,0.01,,,Before 1981
1972,Tunisia,1,193,0.0,,,Before 1981
1972,Turkey,1,193,0.0,,,Before 1981
1972,UK,15,193,0.03,4,0.02,Before 1981
1972,USA,92,193,0.16,33,0.17,Before 1981
1972,Uganda,2,193,0.0,1,0.01,Before 1981
1976,Australia,5,198,0.01,,,Before 1981
1976,Austria,1,198,0.0,,,Before 1981
1976,Belgium,6,198,0.01,,,Before 1981
1976,Bermuda,1,198,0.0,,,Before 1981
1976,Brazil,2,198,0.0,,,Before 1981
1976,Bulgaria,22,198,0.04,6,0.03,Before 1981
1976,Canada,11,198,0.02,,,Before 1981
1976,Cuba,13,198,0.02,6,0.03,Before 1981
1976,Czech Republic,8,198,0.01,2,0.01,Before 1981
1976,Denmark,3,198,0.01,1,0.01,Before 1981
1976,Finland,6,198,0.01,4,0.02,Before 1981
1976,France,8,198,0.01,2,0.01,Before 1981
1976,Germany,127,198,0.21,50,0.25,Before 1981
1976,Hungary,21,198,0.04,4,0.02,Before 1981
1976,Iran,2,198,0.0,,,Before 1981
1976,Italy,13,198,0.02,2,0.01,Before 1981
1976,Jamaica,2,198,0.0,1,0.01,Before 1981
1976,Japan,24,198,0.04,9,0.05,Before 1981
1976,Mexico,1,198,0.0,1,0.01,Before 1981
1976,Mongolia,1,198,0.0,,,Before 1981
1976,Netherlands,5,198,0.01,,,Before 1981
1976,New Zealand,4,198,0.01,2,0.01,Before 1981
1976,North Korea,2,198,0.0,1,0.01,Before 1981
1976,Norway,2,198,0.0,1,0.01,Before 1981
1976,Pakistan,1,198,0.0,,,Before 1981
1976,Poland,24,198,0.04,7,0.04,Before 1981
1976,Portugal,2,198,0.0,,,Before 1981
1976,Puerto Rico,1,198,0.0,,,Before 1981
1976,Romania,25,198,0.04,4,0.02,Before 1981
1976,Russia,120,198,0.2,49,0.25,Before 1981
1976,Serbia,8,198,0.01,2,0.01,Before 1981
1976,South Korea,4,198,0.01,1,0.01,Before 1981
1976,Spain,2,198,0.0,,,Before 1981
1976,Sweden,5,198,0.01,4,0.02,Before 1981
1976,Switzerland,4,198,0.01,1,0.01,Before 1981
1976,Trinidad,1,198,0.0,1,0.01,Before 1981
1976,UK,12,198,0.02,3,0.02,Before 1981
1976,USA,93,198,0.16,34,0.17,Before 1981
1976,Venezuela,1,198,0.0,,,Before 1981
1980,Australia,9,203,0.01,2,0.01,Before 1981
1980,Austria,4,203,0.01,1,0.0,Before 1981
1980,Belgium,1,203,0.0,1,0.0,Before 1981
1980,Brazil,4,203,0.01,2,0.01,Before 1981
1980,Bulgaria,40,203,0.07,8,0.04,Before 1981
1980,Cuba,19,203,0.03,8,0.04,Before 1981
1980,Czech Republic,14,203,0.02,2,0.01,Before 1981
1980,Denmark,5,203,0.01,2,0.01,Before 1981
1980,Ethiopia,4,203,0.01,2,0.01,Before 1981
1980,Finland,8,203,0.01,3,0.01,Before 1981
1980,France,13,203,0.02,6,0.03,Before 1981
1980,Germany,121,203,0.2,47,0.23,Before 1981
1980,Greece,3,203,0.0,1,0.0,Before 1981
1980,Guyana,1,203,0.0,,,Before 1981
1980,Hungary,29,203,0.05,7,0.03,Before 1981
1980,India,1,203,0.0,1,0.0,Before 1981
1980,Ireland,2,203,0.0,,,Before 1981
1980,Italy,15,203,0.02,8,0.04,Before 1981
1980,Jamaica,3,203,0.0,,,Before 1981
1980,Lebanon,1,203,0.0,,,Before 1981
1980,Mexico,4,203,0.01,,,Before 1981
1980,Mongolia,3,203,0.0,,,Before 1981
1980,Netherlands,2,203,0.0,,,Before 1981
1980,North Korea,5,203,0.01,,,Before 1981
1980,Poland,30,203,0.05,3,0.01,Before 1981
1980,Romania,22,203,0.04,6,0.03,Before 1981
1980,Russia,190,203,0.31,79,0.39,Before 1981
1980,Serbia,8,203,0.01,2,0.01,Before 1981
1980,Spain,6,203,0.01,1,0.0,Before 1981
1980,Sweden,12,203,0.02,3,0.01,Before 1981
1980,Switzerland,2,203,0.0,2,0.01,Before 1981
1980,Tanzania,2,203,0.0,,,Before 1981
1980,UK,20,203,0.03,5,0.02,Before 1981
1980,Uganda,1,203,0.0,,,Before 1981
1980,Venezuela,1,203,0.0,,,Before 1981
1980,Zimbabwe,1,203,0.0,1,0.0,Before 1981
1984,Australia,24,221,0.04,4,0.02,After 1981
1984,Austria,2,221,0.0,1,0.0,After 1981
1984,Belgium,4,221,0.01,1,0.0,After 1981
1984,Brazil,7,221,0.01,1,0.0,After 1981
1984,Canada,43,221,0.06,10,0.05,After 1981
1984,China,30,221,0.05,14,0.06,After 1981
1984,Colombia,1,221,0.0,,,After 1981
1984,Denmark,6,221,0.01,,,After 1981
1984,Dominican Republic,1,221,0.0,,,After 1981
1984,Egypt,1,221,0.0,,,After 1981
1984,Finland,11,221,0.02,4,0.02,After 1981
1984,France,25,221,0.04,5,0.02,After 1981
1984,Germany,56,221,0.08,17,0.08,After 1981
1984,Greece,2,221,0.0,,,After 1981
1984,Iceland,1,221,0.0,,,After 1981
1984,Ireland,1,221,0.0,,,After 1981
1984,Italy,32,221,0.05,14,0.06,After 1981
1984,Ivory Coast,1,221,0.0,,,After 1981
1984,Jamaica,3,221,0.0,,,After 1981
1984,Japan,29,221,0.04,10,0.05,After 1981
1984,Kenya,3,221,0.0,1,0.0,After 1981
1984,Mexico,6,221,0.01,2,0.01,After 1981
1984,Morocco,2,221,0.0,2,0.01,After 1981
1984,Netherlands,12,221,0.02,5,0.02,After 1981
1984,New Zealand,11,221,0.02,8,0.04,After 1981
1984,Nigeria,2,221,0.0,,,After 1981
1984,Norway,3,221,0.0,,,After 1981
1984,Pakistan,1,221,0.0,1,0.0,After 1981
1984,Peru,1,221,0.0,,,After 1981
1984,Portugal,3,221,0.0,1,0.0,After 1981
1984,Puerto Rico,2,221,0.0,,,After 1981
1984,Romania,52,221,0.08,19,0.09,After 1981
1984,Serbia,17,221,0.03,7,0.03,After 1981
1984,South Korea,18,221,0.03,6,0.03,After 1981
1984,Spain,5,221,0.01,1,0.0,After 1981
1984,Sweden,19,221,0.03,2,0.01,After 1981
1984,Switzerland,8,221,0.01,,,After 1981
1984,Syria,1,221,0.0,,,After 1981
1984,Taiwan,1,221,0.0,,,After 1981
1984,Thailand,1,221,0.0,,,After 1981
1984,Turkey,2,221,0.0,,,After 1981
1984,UK,36,221,0.05,5,0.02,After 1981
1984,USA,169,221,0.25,80,0.36,After 1981
1984,Venezuela,2,221,0.0,,,After 1981
1988,Argentina,2,237,0.0,,,After 1981
1988,Australia,13,237,0.02,3,0.01,After 1981
1988,Austria,1,237,0.0,1,0.0,After 1981
1988,Belgium,1,237,0.0,,,After 1981
1988,Brazil,6,237,0.01,1,0.0,After 1981
1988,Bulgaria,33,237,0.05,9,0.04,After 1981
1988,Canada,10,237,0.01,3,0.01,After 1981
1988,Chile,1,237,0.0,,,After 1981
1988,China,27,237,0.04,5,0.02,After 1981
1988,Colombia,1,237,0.0,,,After 1981
1988,Costa Rica,1,237,0.0,,,After 1981
1988,Curacao,1,237,0.0,,,After 1981
1988,Czech Republic,7,237,0.01,3,0.01,After 1981
1988,Denmark,4,237,0.01,2,0.01,After 1981
1988,Djibouti,1,237,0.0,,,After 1981
1988,Finland,4,237,0.01,1,0.0,After 1981
1988,France,16,237,0.02,6,0.03,After 1981
1988,Germany,142,237,0.2,48,0.2,After 1981
1988,Greece,1,237,0.0,,,After 1981
1988,Hungary,22,237,0.03,10,0.04,After 1981
1988,Indonesia,1,237,0.0,,,After 1981
1988,Iran,1,237,0.0,,,After 1981
1988,Italy,14,237,0.02,6,0.03,After 1981
1988,Jamaica,2,237,0.0,,,After 1981
1988,Japan,13,237,0.02,4,0.02,After 1981
1988,Kenya,8,237,0.01,5,0.02,After 1981
1988,Mexico,2,237,0.0,,,After 1981
1988,Morocco,3,237,0.0,1,0.0,After 1981
1988,Netherlands,7,237,0.01,2,0.01,After 1981
1988,New Zealand,13,237,0.02,3,0.01,After 1981
1988,Norway,5,237,0.01,2,0.01,After 1981
1988,Pakistan,1,237,0.0,,,After 1981
1988,Peru,1,237,0.0,,,After 1981
1988,Poland,15,237,0.02,2,0.01,After 1981
1988,Portugal,1,237,0.0,1,0.0,After 1981
1988,Romania,22,237,0.03,7,0.03,After 1981
1988,Russia,125,237,0.18,53,0.22,After 1981
1988,Senegal,1,237,0.0,,,After 1981
1988,Serbia,11,237,0.02,3,0.01,After 1981
1988,South Korea,32,237,0.05,12,0.05,After 1981
1988,Spain,4,237,0.01,1,0.0,After 1981
1988,Suriname,1,237,0.0,1,0.0,After 1981
1988,Sweden,9,237,0.01,,,After 1981
1988,Switzerland,4,237,0.01,,,After 1981
1988,Turkey,2,237,0.0,1,0.0,After 1981
1988,UK,23,237,0.03,5,0.02,After 1981
1988,USA,91,237,0.13,36,0.15,After 1981
1988,"Virgin Islands, US",1,237,0.0,,,After 1981
1992,Algeria,1,257,0.0,1,0.0,After 1981
1992,Argentina,1,257,0.0,,,After 1981
1992,Australia,26,257,0.03,7,0.03,After 1981
1992,Austria,2,257,0.0,,,After 1981
1992,Bahamas,1,257,0.0,,,After 1981
1992,Belgium,2,257,0.0,,,After 1981
1992,Brazil,3,257,0.0,2,0.01,After 1981
1992,Bulgaria,15,257,0.02,3,0.01,After 1981
1992,Canada,17,257,0.02,6,0.02,After 1981
1992,China,50,257,0.06,16,0.06,After 1981
1992,Colombia,1,257,0.0,,,After 1981
1992,Croatia,1,257,0.0,,,After 1981
1992,Cuba,31,257,0.04,14,0.05,After 1981
1992,Czech Republic,7,257,0.01,4,0.02,After 1981
1992,Denmark,6,257,0.01,1,0.0,After 1981
1992,Estonia,2,257,0.0,1,0.0,After 1981
1992,Ethiopia,3,257,0.0,1,0.0,After 1981
1992,Finland,4,257,0.01,1,0.0,After 1981
1992,France,27,257,0.04,8,0.03,After 1981
1992,Germany,78,257,0.1,33,0.13,After 1981
1992,Ghana,1,257,0.0,,,After 1981
1992,Greece,2,257,0.0,2,0.01,After 1981
1992,Hungary,27,257,0.04,10,0.04,After 1981
1992,Individual Olympic Athletes,3,257,0.0,,,After 1981
1992,Indonesia,4,257,0.01,2,0.01,After 1981
1992,Iran,3,257,0.0,,,After 1981
1992,Ireland,2,257,0.0,1,0.0,After 1981
1992,Israel,1,257,0.0,,,After 1981
1992,Italy,19,257,0.02,6,0.02,After 1981
1992,Jamaica,4,257,0.01,,,After 1981
1992,Japan,18,257,0.02,3,0.01,After 1981
1992,Kenya,8,257,0.01,2,0.01,After 1981
1992,Latvia,3,257,0.0,,,After 1981
1992,Lithuania,2,257,0.0,1,0.0,After 1981
1992,Mexico,1,257,0.0,,,After 1981
1992,Mongolia,1,257,0.0,,,After 1981
1992,Morocco,3,257,0.0,1,0.0,After 1981
1992,Namibia,2,257,0.0,,,After 1981
1992,Netherlands,14,257,0.02,2,0.01,After 1981
1992,New Zealand,10,257,0.01,1,0.0,After 1981
1992,Nigeria,4,257,0.01,,,After 1981
1992,North Korea,6,257,0.01,4,0.02,After 1981
1992,Norway,7,257,0.01,2,0.01,After 1981
1992,Pakistan,1,257,0.0,,,After 1981
1992,Peru,1,257,0.0,,,After 1981
1992,Poland,18,257,0.02,3,0.01,After 1981
1992,Puerto Rico,1,257,0.0,,,After 1981
1992,Qatar,1,257,0.0,,,After 1981
1992,Romania,18,257,0.02,4,0.02,After 1981
1992,Russia,106,257,0.14,44,0.17,After 1981
1992,Slovenia,2,257,0.0,,,After 1981
1992,South Africa,2,257,0.0,,,After 1981
1992,South Korea,26,257,0.03,12,0.05,After 1981
1992,Spain,21,257,0.03,13,0.05,After 1981
1992,Suriname,1,257,0.0,,,After 1981
1992,Sweden,12,257,0.02,1,0.0,After 1981
1992,Switzerland,1,257,0.0,1,0.0,After 1981
1992,Taiwan,1,257,0.0,,,After 1981
1992,Turkey,5,257,0.01,2,0.01,After 1981
1992,UK,18,257,0.02,5,0.02,After 1981
1992,USA,106,257,0.14,37,0.14,After 1981
1996,Algeria,3,271,0.0,2,0.01,After 1981
1996,Argentina,3,271,0.0,,,After 1981
1996,Armenia,2,271,0.0,1,0.0,After 1981
1996,Australia,41,271,0.05,9,0.03,After 1981
1996,Austria,3,271,0.0,,,After 1981
1996,Azerbaijan,1,271,0.0,,,After 1981
1996,Bahamas,1,271,0.0,,,After 1981
1996,Belarus,14,271,0.02,1,0.0,After 1981
1996,Belgium,4,271,0.0,2,0.01,After 1981
1996,Brazil,15,271,0.02,3,0.01,After 1981
1996,Bulgaria,15,271,0.02,3,0.01,After 1981
1996,Burundi,1,271,0.0,1,0.0,After 1981
1996,Canada,22,271,0.03,3,0.01,After 1981
1996,China,51,271,0.06,17,0.06,After 1981
1996,Costa Rica,1,271,0.0,1,0.0,After 1981
1996,Croatia,2,271,0.0,1,0.0,After 1981
1996,Cuba,23,271,0.03,9,0.03,After 1981
1996,Czech Republic,11,271,0.01,4,0.01,After 1981
1996,Denmark,6,271,0.01,4,0.01,After 1981
1996,Ecuador,1,271,0.0,1,0.0,After 1981
1996,Ethiopia,3,271,0.0,2,0.01,After 1981
1996,Finland,4,271,0.0,1,0.0,After 1981
1996,France,36,271,0.04,15,0.06,After 1981
1996,Georgia,1,271,0.0,,,After 1981
1996,Germany,60,271,0.07,20,0.07,After 1981
1996,Greece,8,271,0.01,4,0.01,After 1981
1996,Hungary,20,271,0.02,7,0.03,After 1981
1996,India,1,271,0.0,,,After 1981
1996,Indonesia,4,271,0.0,1,0.0,After 1981
1996,Iran,3,271,0.0,1,0.0,After 1981
1996,Ireland,4,271,0.0,3,0.01,After 1981
1996,Israel,1,271,0.0,,,After 1981
1996,Italy,34,271,0.04,13,0.05,After 1981
1996,Jamaica,6,271,0.01,1,0.0,After 1981
1996,Japan,14,271,0.02,3,0.01,After 1981
1996,Kazakhstan,10,271,0.01,3,0.01,After 1981
1996,Kenya,8,271,0.01,1,0.0,After 1981
1996,Latvia,1,271,0.0,,,After 1981
1996,Lithuania,1,271,0.0,,,After 1981
1996,Malaysia,2,271,0.0,,,After 1981
1996,Mexico,1,271,0.0,,,After 1981
1996,Moldova,2,271,0.0,,,After 1981
1996,Mongolia,1,271,0.0,,,After 1981
1996,Morocco,2,271,0.0,,,After 1981
1996,Mozambique,1,271,0.0,,,After 1981
1996,Namibia,2,271,0.0,,,After 1981
1996,Netherlands,18,271,0.02,4,0.01,After 1981
1996,New Zealand,6,271,0.01,3,0.01,After 1981
1996,Nigeria,6,271,0.01,2,0.01,After 1981
1996,North Korea,5,271,0.01,2,0.01,After 1981
1996,Norway,7,271,0.01,2,0.01,After 1981
1996,Philippines,1,271,0.0,,,After 1981
1996,Poland,17,271,0.02,7,0.03,After 1981
1996,Portugal,2,271,0.0,1,0.0,After 1981
1996,Puerto Rico,1,271,0.0,,,After 1981
1996,Romania,17,271,0.02,4,0.01,After 1981
1996,Russia,59,271,0.07,26,0.1,After 1981
1996,Serbia,4,271,0.0,1,0.0,After 1981
1996,Slovakia,3,271,0.0,1,0.0,After 1981
1996,Slovenia,2,271,0.0,,,After 1981
1996,South Africa,5,271,0.01,3,0.01,After 1981
1996,South Korea,26,271,0.03,7,0.03,After 1981
1996,Spain,15,271,0.02,5,0.02,After 1981
1996,Sweden,8,271,0.01,2,0.01,After 1981
1996,Switzerland,7,271,0.01,4,0.01,After 1981
1996,Syria,1,271,0.0,1,0.0,After 1981
1996,Taiwan,1,271,0.0,,,After 1981
1996,Thailand,2,271,0.0,1,0.0,After 1981
1996,Tonga,1,271,0.0,,,After 1981
1996,Trinidad,2,271,0.0,,,After 1981
1996,Tunisia,1,271,0.0,,,After 1981
1996,Turkey,6,271,0.01,4,0.01,After 1981
1996,UK,15,271,0.02,1,0.0,After 1981
1996,USA,97,271,0.12,44,0.16,After 1981
1996,Uganda,1,271,0.0,,,After 1981
1996,Ukraine,23,271,0.03,9,0.03,After 1981
1996,Uzbekistan,1,271,0.0,,,After 1981
1996,Zambia,1,271,0.0,,,After 1981
2000,Algeria,5,299,0.01,1,0.0,After 1981
2000,Argentina,4,299,0.0,,,After 1981
2000,Armenia,1,299,0.0,,,After 1981
2000,Australia,57,299,0.06,16,0.05,After 1981
2000,Austria,3,299,0.0,2,0.01,After 1981
2000,Azerbaijan,2,299,0.0,2,0.01,After 1981
2000,Bahamas,3,299,0.0,2,0.01,After 1981
2000,Barbados,1,299,0.0,,,After 1981
2000,Belarus,17,299,0.02,3,0.01,After 1981
2000,Belgium,3,299,0.0,,,After 1981
2000,Brazil,12,299,0.01,,,After 1981
2000,Bulgaria,13,299,0.01,5,0.02,After 1981
2000,Cameroon,1,299,0.0,1,0.0,After 1981
2000,Canada,14,299,0.02,3,0.01,After 1981
2000,Chile,1,299,0.0,,,After 1981
2000,China,57,299,0.06,28,0.09,After 1981
2000,Colombia,1,299,0.0,1,0.0,After 1981
2000,Costa Rica,2,299,0.0,,,After 1981
2000,Croatia,2,299,0.0,1,0.0,After 1981
2000,Cuba,27,299,0.03,11,0.04,After 1981
2000,Czech Republic,8,299,0.01,2,0.01,After 1981
2000,Denmark,6,299,0.01,2,0.01,After 1981
2000,Estonia,3,299,0.0,1,0.0,After 1981
2000,Ethiopia,8,299,0.01,4,0.01,After 1981
2000,Finland,4,299,0.0,2,0.01,After 1981
2000,France,36,299,0.04,13,0.04,After 1981
2000,Georgia,5,299,0.01,,,After 1981
2000,Germany,55,299,0.06,13,0.04,After 1981
2000,Greece,12,299,0.01,4,0.01,After 1981
2000,Hungary,17,299,0.02,8,0.03,After 1981
2000,Iceland,1,299,0.0,,,After 1981
2000,India,1,299,0.0,,,After 1981
2000,Indonesia,6,299,0.01,1,0.0,After 1981
2000,Iran,4,299,0.0,3,0.01,After 1981
2000,Ireland,1,299,0.0,,,After 1981
2000,Israel,1,299,0.0,,,After 1981
2000,Italy,32,299,0.04,13,0.04,After 1981
2000,Jamaica,9,299,0.01,,,After 1981
2000,Japan,17,299,0.02,5,0.02,After 1981
2000,Kazakhstan,7,299,0.01,3,0.01,After 1981
2000,Kenya,7,299,0.01,2,0.01,After 1981
2000,Kuwait,1,299,0.0,,,After 1981
2000,Latvia,2,299,0.0,1,0.0,After 1981
2000,Lithuania,5,299,0.01,2,0.01,After 1981
2000,Macedonia,1,299,0.0,,,After 1981
2000,Mexico,6,299,0.01,1,0.0,After 1981
2000,Moldova,2,299,0.0,,,After 1981
2000,Morocco,4,299,0.0,,,After 1981
2000,Mozambique,1,299,0.0,1,0.0,After 1981
2000,Netherlands,25,299,0.03,12,0.04,After 1981
2000,New Zealand,4,299,0.0,1,0.0,After 1981
2000,Nigeria,3,299,0.0,1,0.0,After 1981
2000,North Korea,4,299,0.0,,,After 1981
2000,Norway,10,299,0.01,4,0.01,After 1981
2000,Poland,14,299,0.02,6,0.02,After 1981
2000,Portugal,1,299,0.0,,,After 1981
2000,Qatar,1,299,0.0,,,After 1981
2000,Romania,23,299,0.03,11,0.04,After 1981
2000,Russia,87,299,0.1,32,0.11,After 1981
2000,Saudi Arabia,2,299,0.0,,,After 1981
2000,Serbia,3,299,0.0,1,0.0,After 1981
2000,Slovakia,5,299,0.01,1,0.0,After 1981
2000,Slovenia,2,299,0.0,2,0.01,After 1981
2000,South Africa,5,299,0.01,,,After 1981
2000,South Korea,28,299,0.03,8,0.03,After 1981
2000,Spain,11,299,0.01,3,0.01,After 1981
2000,Sri Lanka,1,299,0.0,,,After 1981
2000,Sweden,12,299,0.01,4,0.01,After 1981
2000,Switzerland,9,299,0.01,1,0.0,After 1981
2000,Taiwan,5,299,0.01,,,After 1981
2000,Thailand,2,299,0.0,1,0.0,After 1981
2000,Trinidad,2,299,0.0,,,After 1981
2000,Turkey,5,299,0.01,3,0.01,After 1981
2000,UK,28,299,0.03,11,0.04,After 1981
2000,USA,90,299,0.1,36,0.12,After 1981
2000,Ukraine,22,299,0.02,3,0.01,After 1981
2000,Uruguay,1,299,0.0,,,After 1981
2000,Uzbekistan,3,299,0.0,1,0.0,After 1981
2000,Vietnam,1,299,0.0,,,After 1981
2004,Argentina,6,301,0.01,2,0.01,After 1981
2004,Australia,50,301,0.06,17,0.06,After 1981
2004,Austria,7,301,0.01,2,0.01,After 1981
2004,Azerbaijan,5,301,0.01,1,0.0,After 1981
2004,Bahamas,2,301,0.0,1,0.0,After 1981
2004,Belarus,13,301,0.01,2,0.01,After 1981
2004,Belgium,3,301,0.0,1,0.0,After 1981
2004,Brazil,10,301,0.01,5,0.02,After 1981
2004,Bulgaria,11,301,0.01,2,0.01,After 1981
2004,Cameroon,1,301,0.0,1,0.0,After 1981
2004,Canada,12,301,0.01,3,0.01,After 1981
2004,Chile,3,301,0.0,2,0.01,After 1981
2004,China,61,301,0.07,32,0.11,After 1981
2004,Colombia,2,301,0.0,,,After 1981
2004,Croatia,5,301,0.01,1,0.0,After 1981
2004,Cuba,24,301,0.03,9,0.03,After 1981
2004,Czech Republic,9,301,0.01,1,0.0,After 1981
2004,Denmark,8,301,0.01,2,0.01,After 1981
2004,Dominican Republic,1,301,0.0,1,0.0,After 1981
2004,Egypt,4,301,0.0,1,0.0,After 1981
2004,Eritrea,1,301,0.0,,,After 1981
2004,Estonia,3,301,0.0,,,After 1981
2004,Ethiopia,7,301,0.01,2,0.01,After 1981
2004,Finland,2,301,0.0,,,After 1981
2004,France,33,301,0.04,11,0.04,After 1981
2004,Georgia,4,301,0.0,2,0.01,After 1981
2004,Germany,46,301,0.05,13,0.04,After 1981
2004,Greece,16,301,0.02,6,0.02,After 1981
2004,Hungary,17,301,0.02,8,0.03,After 1981
2004,India,1,301,0.0,,,After 1981
2004,Indonesia,4,301,0.0,1,0.0,After 1981
2004,Iran,6,301,0.01,2,0.01,After 1981
2004,Israel,1,301,0.0,1,0.0,After 1981
2004,Italy,31,301,0.03,10,0.03,After 1981
2004,Jamaica,5,301,0.01,2,0.01,After 1981
2004,Japan,36,301,0.04,16,0.05,After 1981
2004,Kazakhstan,7,301,0.01,1,0.0,After 1981
2004,Kenya,7,301,0.01,1,0.0,After 1981
2004,Latvia,4,301,0.0,,,After 1981
2004,Lithuania,3,301,0.0,1,0.0,After 1981
2004,Mexico,4,301,0.0,,,After 1981
2004,Morocco,3,301,0.0,2,0.01,After 1981
2004,Netherlands,21,301,0.02,4,0.01,After 1981
2004,New Zealand,5,301,0.01,3,0.01,After 1981
2004,Nigeria,2,301,0.0,,,After 1981
2004,North Korea,5,301,0.01,,,After 1981
2004,Norway,6,301,0.01,5,0.02,After 1981
2004,Paraguay,1,301,0.0,,,After 1981
2004,Poland,10,301,0.01,3,0.01,After 1981
2004,Portugal,3,301,0.0,,,After 1981
2004,Romania,18,301,0.02,8,0.03,After 1981
2004,Russia,87,301,0.1,28,0.09,After 1981
2004,Serbia,2,301,0.0,,,After 1981
2004,Slovakia,6,301,0.01,2,0.01,After 1981
2004,Slovenia,3,301,0.0,,,After 1981
2004,South Africa,6,301,0.01,1,0.0,After 1981
2004,South Korea,30,301,0.03,9,0.03,After 1981
2004,Spain,20,301,0.02,3,0.01,After 1981
2004,Sweden,7,301,0.01,4,0.01,After 1981
2004,Switzerland,5,301,0.01,1,0.0,After 1981
2004,Syria,1,301,0.0,,,After 1981
2004,Taiwan,5,301,0.01,2,0.01,After 1981
2004,Thailand,7,301,0.01,3,0.01,After 1981
2004,Trinidad,1,301,0.0,,,After 1981
2004,Turkey,11,301,0.01,3,0.01,After 1981
2004,UK,30,301,0.03,9,0.03,After 1981
2004,USA,100,301,0.11,36,0.12,After 1981
2004,Ukraine,22,301,0.02,8,0.03,After 1981
2004,United Arab Emirates,1,301,0.0,1,0.0,After 1981
2004,Uzbekistan,3,301,0.0,2,0.01,After 1981
2004,Venezuela,2,301,0.0,,,After 1981
2004,Zimbabwe,3,301,0.0,1,0.0,After 1981
2008,Algeria,2,302,0.0,,,After 1981
2008,Argentina,6,302,0.01,2,0.01,After 1981
2008,Armenia,5,302,0.01,,,After 1981
2008,Australia,46,302,0.05,14,0.05,After 1981
2008,Austria,3,302,0.0,,,After 1981
2008,Azerbaijan,4,302,0.0,1,0.0,After 1981
2008,Bahamas,2,302,0.0,,,After 1981
2008,Belarus,18,302,0.02,4,0.01,After 1981
2008,Belgium,2,302,0.0,1,0.0,After 1981
2008,Brazil,15,302,0.02,3,0.01,After 1981
2008,Bulgaria,2,302,0.0,1,0.0,After 1981
2008,Cameroon,1,302,0.0,1,0.0,After 1981
2008,Canada,18,302,0.02,3,0.01,After 1981
2008,Chile,1,302,0.0,,,After 1981
2008,China,98,302,0.11,51,0.17,After 1981
2008,Colombia,2,302,0.0,,,After 1981
2008,Croatia,3,302,0.0,,,After 1981
2008,Cuba,21,302,0.02,2,0.01,After 1981
2008,Czech Republic,6,302,0.01,3,0.01,After 1981
2008,Denmark,7,302,0.01,2,0.01,After 1981
2008,Dominican Republic,2,302,0.0,1,0.0,After 1981
2008,Ecuador,1,302,0.0,,,After 1981
2008,Estonia,2,302,0.0,1,0.0,After 1981
2008,Ethiopia,7,302,0.01,4,0.01,After 1981
2008,Finland,4,302,0.0,1,0.0,After 1981
2008,France,38,302,0.04,7,0.02,After 1981
2008,Georgia,5,302,0.01,3,0.01,After 1981
2008,Germany,41,302,0.05,16,0.05,After 1981
2008,Greece,4,302,0.0,,,After 1981
2008,Hungary,10,302,0.01,3,0.01,After 1981
2008,Iceland,1,302,0.0,,,After 1981
2008,India,3,302,0.0,1,0.0,After 1981
2008,Indonesia,5,302,0.01,1,0.0,After 1981
2008,Iran,2,302,0.0,1,0.0,After 1981
2008,Ireland,2,302,0.0,,,After 1981
2008,Israel,1,302,0.0,,,After 1981
2008,Italy,26,302,0.03,8,0.03,After 1981
2008,Jamaica,9,302,0.01,5,0.02,After 1981
2008,Japan,22,302,0.02,9,0.03,After 1981
2008,Kazakhstan,10,302,0.01,2,0.01,After 1981
2008,Kenya,15,302,0.02,6,0.02,After 1981
2008,Kyrgyzstan,1,302,0.0,,,After 1981
2008,Latvia,3,302,0.0,1,0.0,After 1981
2008,Lithuania,5,302,0.01,,,After 1981
2008,Malaysia,1,302,0.0,,,After 1981
2008,Mexico,3,302,0.0,2,0.01,After 1981
2008,Moldova,1,302,0.0,,,After 1981
2008,Mongolia,4,302,0.0,2,0.01,After 1981
2008,Morocco,2,302,0.0,,,After 1981
2008,Netherlands,16,302,0.02,7,0.02,After 1981
2008,New Zealand,9,302,0.01,3,0.01,After 1981
2008,Nigeria,3,302,0.0,,,After 1981
2008,North Korea,4,302,0.0,2,0.01,After 1981
2008,Norway,9,302,0.01,3,0.01,After 1981
2008,Panama,1,302,0.0,1,0.0,After 1981
2008,Poland,9,302,0.01,3,0.01,After 1981
2008,Portugal,2,302,0.0,1,0.0,After 1981
2008,Romania,8,302,0.01,4,0.01,After 1981
2008,Russia,70,302,0.08,23,0.08,After 1981
2008,Serbia,3,302,0.0,,,After 1981
2008,Slovakia,6,302,0.01,3,0.01,After 1981
2008,Slovenia,4,302,0.0,1,0.0,After 1981
2008,South Africa,1,302,0.0,,,After 1981
2008,South Korea,29,302,0.03,13,0.04,After 1981
2008,Spain,18,302,0.02,5,0.02,After 1981
2008,Sudan,1,302,0.0,,,After 1981
2008,Sweden,5,302,0.01,,,After 1981
2008,Switzerland,7,302,0.01,2,0.01,After 1981
2008,Taiwan,4,302,0.0,,,After 1981
2008,Tajikistan,2,302,0.0,,,After 1981
2008,Thailand,4,302,0.0,2,0.01,After 1981
2008,Togo,1,302,0.0,,,After 1981
2008,Trinidad,2,302,0.0,1,0.0,After 1981
2008,Tunisia,1,302,0.0,1,0.0,After 1981
2008,Turkey,5,302,0.01,1,0.0,After 1981
2008,UK,46,302,0.05,19,0.06,After 1981
2008,USA,106,302,0.12,36,0.12,After 1981
2008,Ukraine,25,302,0.03,7,0.02,After 1981
2008,Uzbekistan,5,302,0.01,1,0.0,After 1981
2008,Venezuela,1,302,0.0,,,After 1981
2008,Vietnam,1,302,0.0,,,After 1981
2008,Zimbabwe,4,302,0.0,1,0.0,After 1981
2012,Algeria,1,302,0.0,1,0.0,After 1981
2012,Argentina,4,302,0.0,1,0.0,After 1981
2012,Armenia,3,302,0.0,,,After 1981
2012,Australia,35,302,0.04,7,0.02,After 1981
2012,Azerbaijan,8,302,0.01,2,0.01,After 1981
2012,Bahamas,1,302,0.0,1,0.0,After 1981
2012,Bahrain,1,302,0.0,,,After 1981
2012,Belarus,12,302,0.01,2,0.01,After 1981
2012,Belgium,2,302,0.0,,,After 1981
2012,Botswana,1,302,0.0,,,After 1981
2012,Brazil,17,302,0.02,3,0.01,After 1981
2012,Bulgaria,1,302,0.0,,,After 1981
2012,Canada,15,302,0.02,1,0.0,After 1981
2012,China,86,302,0.09,38,0.13,After 1981
2012,Colombia,6,302,0.01,1,0.0,After 1981
2012,Croatia,5,302,0.01,3,0.01,After 1981
2012,Cuba,13,302,0.01,5,0.02,After 1981
2012,Cyprus,1,302,0.0,,,After 1981
2012,Czech Republic,10,302,0.01,4,0.01,After 1981
2012,Denmark,9,302,0.01,2,0.01,After 1981
2012,Dominican Republic,2,302,0.0,1,0.0,After 1981
2012,Egypt,2,302,0.0,,,After 1981
2012,Estonia,2,302,0.0,,,After 1981
2012,Ethiopia,7,302,0.01,3,0.01,After 1981
2012,Finland,3,302,0.0,,,After 1981
2012,France,32,302,0.04,11,0.04,After 1981
2012,Gabon,1,302,0.0,,,After 1981
2012,Georgia,5,302,0.01,1,0.0,After 1981
2012,Germany,42,302,0.05,11,0.04,After 1981
2012,Greece,2,302,0.0,,,After 1981
2012,Grenada,1,302,0.0,1,0.0,After 1981
2012,Guatemala,1,302,0.0,,,After 1981
2012,Hungary,18,302,0.02,8,0.03,After 1981
2012,India,5,302,0.01,,,After 1981
2012,Indonesia,2,302,0.0,,,After 1981
2012,Iran,12,302,0.01,4,0.01,After 1981
2012,Ireland,3,302,0.0,1,0.0,After 1981
2012,Italy,27,302,0.03,8,0.03,After 1981
2012,Jamaica,12,302,0.01,4,0.01,After 1981
2012,Japan,33,302,0.04,7,0.02,After 1981
2012,Kazakhstan,11,302,0.01,7,0.02,After 1981
2012,Kenya,11,302,0.01,2,0.01,After 1981
2012,Kuwait,1,302,0.0,,,After 1981
2012,Latvia,2,302,0.0,1,0.0,After 1981
2012,Lithuania,4,302,0.0,2,0.01,After 1981
2012,Malaysia,2,302,0.0,,,After 1981
2012,Mexico,6,302,0.01,1,0.0,After 1981
2012,Moldova,2,302,0.0,,,After 1981
2012,Mongolia,3,302,0.0,,,After 1981
2012,Montenegro,1,302,0.0,,,After 1981
2012,Morocco,1,302,0.0,,,After 1981
2012,Netherlands,19,302,0.02,6,0.02,After 1981
2012,New Zealand,12,302,0.01,6,0.02,After 1981
2012,North Korea,6,302,0.01,4,0.01,After 1981
2012,Norway,4,302,0.0,2,0.01,After 1981
2012,Poland,9,302,0.01,2,0.01,After 1981
2012,Portugal,1,302,0.0,,,After 1981
2012,Puerto Rico,2,302,0.0,,,After 1981
2012,Qatar,2,302,0.0,,,After 1981
2012,Romania,9,302,0.01,2,0.01,After 1981
2012,Russia,77,302,0.08,24,0.08,After 1981
2012,Saudi Arabia,1,302,0.0,,,After 1981
2012,Serbia,4,302,0.0,1,0.0,After 1981
2012,Slovakia,4,302,0.0,,,After 1981
2012,Slovenia,4,302,0.0,1,0.0,After 1981
2012,South Africa,5,302,0.01,3,0.01,After 1981
2012,South Korea,27,302,0.03,13,0.04,After 1981
2012,Spain,16,302,0.02,3,0.01,After 1981
2012,Sweden,7,302,0.01,1,0.0,After 1981
2012,Switzerland,4,302,0.0,2,0.01,After 1981
2012,Taiwan,1,302,0.0,,,After 1981
2012,Thailand,3,302,0.0,,,After 1981
2012,Trinidad,4,302,0.0,1,0.0,After 1981
2012,Tunisia,3,302,0.0,1,0.0,After 1981
2012,Turkey,4,302,0.0,2,0.01,After 1981
2012,UK,63,302,0.07,29,0.1,After 1981
2012,USA,101,302,0.11,46,0.15,After 1981
2012,Uganda,1,302,0.0,1,0.0,After 1981
2012,Ukraine,19,302,0.02,6,0.02,After 1981
2012,Uzbekistan,2,302,0.0,1,0.0,After 1981
2012,Venezuela,1,302,0.0,1,0.0,After 1981
2016,Algeria,2,305,0.0,,,After 1981
2016,Argentina,4,305,0.0,3,0.01,After 1981
2016,Armenia,4,305,0.0,1,0.0,After 1981
2016,Australia,29,305,0.03,8,0.03,After 1981
2016,Austria,1,305,0.0,,,After 1981
2016,Azerbaijan,12,305,0.01,1,0.0,After 1981
2016,Bahamas,2,305,0.0,1,0.0,After 1981
2016,Bahrain,2,305,0.0,1,0.0,After 1981
2016,Belarus,8,305,0.01,1,0.0,After 1981
2016,Belgium,5,305,0.01,2,0.01,After 1981
2016,Brazil,18,305,0.02,7,0.02,After 1981
2016,Bulgaria,2,305,0.0,,,After 1981
2016,Burundi,1,305,0.0,,,After 1981
2016,Canada,20,305,0.02,3,0.01,After 1981
2016,China,67,305,0.07,26,0.09,After 1981
2016,Colombia,7,305,0.01,3,0.01,After 1981
2016,Croatia,9,305,0.01,5,0.02,After 1981
2016,Cuba,11,305,0.01,5,0.02,After 1981
2016,Czech Republic,10,305,0.01,1,0.0,After 1981
2016,Denmark,15,305,0.02,2,0.01,After 1981
2016,Egypt,2,305,0.0,,,After 1981
2016,Estonia,1,305,0.0,,,After 1981
2016,Ethiopia,8,305,0.01,1,0.0,After 1981
2016,Fiji,1,305,0.0,1,0.0,After 1981
2016,France,41,305,0.04,10,0.03,After 1981
2016,Georgia,7,305,0.01,2,0.01,After 1981
2016,Germany,38,305,0.04,17,0.06,After 1981
2016,Greece,6,305,0.01,3,0.01,After 1981
2016,Grenada,1,305,0.0,,,After 1981
2016,Hungary,15,305,0.02,8,0.03,After 1981
2016,India,1,305,0.0,,,After 1981
2016,Individual Olympic Athletes,2,305,0.0,1,0.0,After 1981
2016,Indonesia,3,305,0.0,1,0.0,After 1981
2016,Iran,6,305,0.01,3,0.01,After 1981
2016,Ireland,2,305,0.0,,,After 1981
2016,Israel,1,305,0.0,,,After 1981
2016,Italy,28,305,0.03,8,0.03,After 1981
2016,Ivory Coast,2,305,0.0,1,0.0,After 1981
2016,Jamaica,11,305,0.01,6,0.02,After 1981
2016,Japan,39,305,0.04,12,0.04,After 1981
2016,Jordan,1,305,0.0,1,0.0,After 1981
2016,Kazakhstan,16,305,0.02,3,0.01,After 1981
2016,Kenya,13,305,0.01,6,0.02,After 1981
2016,Kosovo,1,305,0.0,1,0.0,After 1981
2016,Lithuania,4,305,0.0,,,After 1981
2016,Malaysia,5,305,0.01,,,After 1981
2016,Mexico,5,305,0.01,,,After 1981
2016,Mongolia,1,305,0.0,,,After 1981
2016,Netherlands,18,305,0.02,8,0.03,After 1981
2016,New Zealand,18,305,0.02,4,0.01,After 1981
2016,Niger,1,305,0.0,,,After 1981
2016,Nigeria,1,305,0.0,,,After 1981
2016,North Korea,7,305,0.01,2,0.01,After 1981
2016,Norway,4,305,0.0,,,After 1981
2016,Philippines,1,305,0.0,,,After 1981
2016,Poland,10,305,0.01,2,0.01,After 1981
2016,Puerto Rico,1,305,0.0,1,0.0,After 1981
2016,Qatar,1,305,0.0,,,After 1981
2016,Romania,3,305,0.0,1,0.0,After 1981
2016,Russia,55,305,0.06,19,0.06,After 1981
2016,Serbia,8,305,0.01,2,0.01,After 1981
2016,Slovakia,4,305,0.0,2,0.01,After 1981
2016,Slovenia,3,305,0.0,1,0.0,After 1981
2016,South Africa,9,305,0.01,2,0.01,After 1981
2016,South Korea,18,305,0.02,9,0.03,After 1981
2016,Spain,17,305,0.02,7,0.02,After 1981
2016,Sweden,11,305,0.01,2,0.01,After 1981
2016,Switzerland,7,305,0.01,3,0.01,After 1981
2016,Taiwan,3,305,0.0,1,0.0,After 1981
2016,Tajikistan,1,305,0.0,1,0.0,After 1981
2016,Thailand,5,305,0.01,2,0.01,After 1981
2016,Trinidad,1,305,0.0,,,After 1981
2016,Tunisia,2,305,0.0,,,After 1981
2016,Turkey,7,305,0.01,1,0.0,After 1981
2016,UK,65,305,0.07,27,0.09,After 1981
2016,USA,119,305,0.13,46,0.15,After 1981
2016,Ukraine,11,305,0.01,2,0.01,After 1981
2016,Uzbekistan,8,305,0.01,4,0.01,After 1981
2016,Venezuela,3,305,0.0,,,After 1981
2016,Vietnam,2,305,0.0,1,0.0,After 1981
